199,2,"Andorra la Vella"
200,2,"Canillo"
201,2,"Encamp"
202,2,"Escaldes-Engordany"
203,2,"La Massana"
204,2,"Ordino"
205,2,"Sant Julia de Loria"
206,3,"Abu Dhabi"
207,3,"Ajman"
208,3,"Dubai"
209,3,"Fujairah"
210,3,"Ras Al Khaimah"
211,3,"Sharjah"
212,3,"Umm Al Quwain"
213,4,"Badakhshan"
214,4,"Badghis"
215,4,"Baghlan"
216,4,"Balkh"
217,4,"Bamian"
218,4,"Farah"
219,4,"Faryab"
220,4,"Ghazni"
221,4,"Ghowr"
222,4,"Helmand"
223,4,"Herat"
224,4,"Jowzjan"
225,4,"Kabol"
226,4,"Kandahar"
227,4,"Kapisa"
228,4,"Khowst"
229,4,"Konar"
230,4,"Kondoz"
231,4,"Laghman"
232,4,"Lowgar"
233,4,"Nangarhar"
234,4,"Nimruz"
235,4,"Nurestan"
236,4,"Oruzgan"
237,4,"Paktia"
238,4,"Paktika"
239,4,"Parvan"
240,4,"Samangan"
241,4,"Sar-e Pol"
242,4,"Takhar"
243,4,"Vardak"
244,4,"Zabol"
245,5,"Barbuda"
246,5,"Saint George"
247,5,"Saint John"
248,5,"Saint Mary"
249,5,"Saint Paul"
250,5,"Saint Peter"
251,5,"Saint Philip"
252,7,"Berat"
253,7,"Diber"
254,7,"Durres"
255,7,"Elbasan"
256,7,"Fier"
257,7,"Gjirokaster"
258,7,"Korce"
259,7,"Kukes"
260,7,"Lezhe"
261,7,"Shkoder"
262,7,"Tirane"
263,7,"Vlore"
264,8,"Aragatsotn"
265,8,"Ararat"
266,8,"Armavir"
267,8,"Geghark'unik'"
268,8,"Kotayk'"
269,8,"Lorri"
270,8,"Shirak"
271,8,"Syunik'"
272,8,"Tavush"
273,8,"Vayots' Dzor"
274,8,"Yerevan"
275,10,"Bengo"
276,10,"Benguela"
277,10,"Bie"
278,10,"Cabinda"
279,10,"Cuando Cubango"
280,10,"Cuanza Norte"
281,10,"Cuanza Sul"
282,10,"Cunene"
283,10,"Huambo"
284,10,"Huila"
285,10,"Luanda"
286,10,"Lunda Norte"
287,10,"Lunda Sul"
288,10,"Malanje"
289,10,"Moxico"
290,10,"Uige"
291,10,"Zaire"
292,12,"Buenos Aires"
293,12,"Catamarca"
294,12,"Chaco"
295,12,"Chubut"
296,12,"Cordoba"
297,12,"Corrientes"
298,12,"Distrito Federal"
299,12,"Entre Rios"
300,12,"Formosa"
301,12,"Jujuy"
302,12,"La Pampa"
303,12,"La Rioja"
304,12,"Mendoza"
305,12,"Misiones"
306,12,"Neuquen"
307,12,"Rio Negro"
308,12,"Salta"
309,12,"San Juan"
310,12,"San Luis"
311,12,"Santa Cruz"
312,12,"Santa Fe"
313,12,"Santiago del Estero"
314,12,"Tierra del Fuego"
315,12,"Tucuman"
316,14,"Burgenland"
317,14,"Karnten"
318,14,"Niederosterreich"
319,14,"Oberosterreich"
320,14,"Salzburg"
321,14,"Steiermark"
322,14,"Tirol"
323,14,"Vorarlberg"
324,14,"Wien"
325,15,"Australian Capital Territory"
326,15,"New South Wales"
327,15,"Northern Territory"
328,15,"Queensland"
329,15,"South Australia"
330,15,"Tasmania"
331,15,"Victoria"
332,15,"Western Australia"
333,18,"Abseron"
334,18,"Agcabadi"
335,18,"Agdam"
336,18,"Agdas"
337,18,"Agstafa"
338,18,"Agsu"
339,18,"Ali Bayramli"
340,18,"Astara"
341,18,"Baki"
342,18,"Balakan"
343,18,"Barda"
344,18,"Beylaqan"
345,18,"Bilasuvar"
346,18,"Cabrayil"
347,18,"Calilabad"
348,18,"Daskasan"
349,18,"Davaci"
350,18,"Fuzuli"
351,18,"Gadabay"
352,18,"Ganca"
353,18,"Goranboy"
354,18,"Goycay"
355,18,"Haciqabul"
356,18,"Imisli"
357,18,"Ismayilli"
358,18,"Kalbacar"
359,18,"Kurdamir"
360,18,"Lacin"
361,18,"Lankaran"
362,18,"Lerik"
363,18,"Masalli"
364,18,"Mingacevir"
365,18,"Naftalan"
366,18,"Naxcivan"
367,18,"Neftcala"
368,18,"Oguz"
369,18,"Qabala"
370,18,"Qax"
371,18,"Qazax"
372,18,"Qobustan"
373,18,"Quba"
374,18,"Qubadli"
375,18,"Qusar"
376,18,"Saatli"
377,18,"Sabirabad"
378,18,"Saki"
379,18,"Salyan"
380,18,"Samaxi"
381,18,"Samkir"
382,18,"Samux"
383,18,"Siyazan"
384,18,"Sumqayit"
385,18,"Susa"
386,18,"Tartar"
387,18,"Tovuz"
388,18,"Ucar"
389,18,"Xacmaz"
390,18,"Xankandi"
391,18,"Xanlar"
392,18,"Xizi"
393,18,"Xocali"
394,18,"Xocavand"
395,18,"Yardimli"
396,18,"Yevlax"
397,18,"Zangilan"
398,18,"Zaqatala"
399,18,"Zardab"
400,19,"Federation of Bosnia and Herzegovina"
401,19,"Republika Srpska"
402,20,"Christ Church"
403,20,"Saint Andrew"
404,20,"Saint George"
405,20,"Saint James"
406,20,"Saint John"
407,20,"Saint Joseph"
408,20,"Saint Lucy"
409,20,"Saint Michael"
410,20,"Saint Peter"
411,20,"Saint Philip"
412,20,"Saint Thomas"
413,21,"Bagerhat"
414,21,"Bandarban"
415,21,"Barguna"
416,21,"Barisal"
417,21,"Bhola"
418,21,"Bogra"
419,21,"Brahmanbaria"
420,21,"Chandpur"
421,21,"Chapai Nawabganj"
422,21,"Chattagram"
423,21,"Chuadanga"
424,21,"Comilla"
425,21,"Cox's Bazar"
426,21,"Dhaka"
427,21,"Dinajpur"
428,21,"Faridpur"
429,21,"Feni"
430,21,"Gaibandha"
431,21,"Gazipur"
432,21,"Gopalganj"
433,21,"Habiganj"
434,21,"Jaipurhat"
435,21,"Jamalpur"
436,21,"Jessore"
437,21,"Jhalakati"
438,21,"Jhenaidah"
439,21,"Khagrachari"
440,21,"Khulna"
441,21,"Kishorganj"
442,21,"Kurigram"
443,21,"Kushtia"
444,21,"Laksmipur"
445,21,"Lalmonirhat"
446,21,"Madaripur"
447,21,"Magura"
448,21,"Manikganj"
449,21,"Meherpur"
450,21,"Moulavibazar"
451,21,"Munshiganj"
452,21,"Mymensingh"
453,21,"Naogaon"
454,21,"Narail"
455,21,"Narayanganj"
456,21,"Narsingdi"
457,21,"Nator"
458,21,"Netrakona"
459,21,"Nilphamari"
460,21,"Noakhali"
461,21,"Pabna"
462,21,"Panchagar"
463,21,"Parbattya Chattagram"
464,21,"Patuakhali"
465,21,"Pirojpur"
466,21,"Rajbari"
467,21,"Rajshahi"
468,21,"Rangpur"
469,21,"Satkhira"
470,21,"Shariyatpur"
471,21,"Sherpur"
472,21,"Sirajganj"
473,21,"Sunamganj"
474,21,"Sylhet"
475,21,"Tangail"
476,21,"Thakurgaon"
477,22,"Antwerpen"
478,22,"Brabant"
479,22,"Brabant Wallon"
480,22,"Brussels Hoofdstedelijk Gewest"
481,22,"Hainaut"
482,22,"Liege"
483,22,"Limburg"
484,22,"Luxembourg"
485,22,"Namur"
486,22,"Oost-Vlaanderen"
487,22,"Vlaams-Brabant"
488,22,"West-Vlaanderen"
489,23,"Bale"
490,23,"Bam"
491,23,"Banwa"
492,23,"Bazega"
493,23,"Bougouriba"
494,23,"Boulgou"
495,23,"Boulkiemde"
496,23,"Ganzourgou"
497,23,"Gnagna"
498,23,"Gourma"
499,23,"Houet"
500,23,"Ioba"
501,23,"Kadiogo"
502,23,"Kenedougou"
503,23,"Komoe"
504,23,"Komondjari"
505,23,"Kompienga"
506,23,"Kossi"
507,23,"Koulpelogo"
508,23,"Kouritenga"
509,23,"Kourweogo"
510,23,"Leraba"
511,23,"Loroum"
512,23,"Mouhoun"
513,23,"Namentenga"
514,23,"Naouri"
515,23,"Nayala"
516,23,"Noumbiel"
517,23,"Oubritenga"
518,23,"Oudalan"
519,23,"Passore"
520,23,"Poni"
521,23,"Sanguie"
522,23,"Sanmatenga"
523,23,"Seno"
524,23,"Sissili"
525,23,"Soum"
526,23,"Sourou"
527,23,"Tapoa"
528,23,"Tuy"
529,23,"Yagha"
530,23,"Yatenga"
531,23,"Ziro"
532,23,"Zondoma"
533,23,"Zoundweogo"
534,24,"Blagoevgrad"
535,24,"Burgas"
536,24,"Dobrich"
537,24,"Gabrovo"
538,24,"Grad Sofiya"
539,24,"Khaskovo"
540,24,"Kurdzhali"
541,24,"Kyustendil"
542,24,"Lovech"
543,24,"Mikhaylovgrad"
544,24,"Montana"
545,24,"Pazardzhik"
546,24,"Pernik"
547,24,"Pleven"
548,24,"Plovdiv"
549,24,"Razgrad"
550,24,"Ruse"
551,24,"Shumen"
552,24,"Silistra"
553,24,"Sliven"
554,24,"Smolyan"
555,24,"Sofiya"
556,24,"Stara Zagora"
557,24,"Turgovishte"
558,24,"Varna"
559,24,"Veliko Turnovo"
560,24,"Vidin"
561,24,"Vratsa"
562,24,"Yambol"
563,25,"Al Hadd"
564,25,"Al Manamah"
565,25,"Al Mintaqah al Gharbiyah"
566,25,"Al Mintaqah al Wusta"
567,25,"Al Mintaqah ash Shamaliyah"
568,25,"Al Muharraq"
569,25,"Ar Rifa"
570,25,"Jidd Hafs"
571,25,"Madinat"
572,25,"Madinat Hamad"
573,25,"Mintaqat Juzur Hawar"
574,25,"Sitrah"
575,26,"Bubanza"
576,26,"Bujumbura"
577,26,"Bururi"
578,26,"Cankuzo"
579,26,"Cibitoke"
580,26,"Gitega"
581,26,"Karuzi"
582,26,"Kayanza"
583,26,"Kirundo"
584,26,"Makamba"
585,26,"Muramvya"
586,26,"Muyinga"
587,26,"Mwaro"
588,26,"Ngozi"
589,26,"Rutana"
590,26,"Ruyigi"
591,27,"Atakora"
592,27,"Atlantique"
593,27,"Borgou"
594,27,"Mono"
595,27,"Oueme"
596,27,"Zou"
597,28,"Devonshire"
598,28,"Hamilton"
599,28,"Paget"
600,28,"Pembroke"
601,28,"Saint George"
602,28,"Saint George's"
603,28,"Sandys"
604,28,"Smiths"
605,28,"Southampton"
606,28,"Warwick"
607,29,"Alibori"
608,29,"Belait"
609,29,"Brunei and Muara"
610,29,"Collines"
611,29,"Donga"
612,29,"Kouffo"
613,29,"Littoral"
614,29,"Oueme"
615,29,"Plateau"
616,29,"Temburong"
617,29,"Tutong"
618,29,"Zou"
619,30,"Chuquisaca"
620,30,"Cochabamba"
621,30,"El Beni"
622,30,"La Paz"
623,30,"Oruro"
624,30,"Pando"
625,30,"Potosi"
626,30,"Santa Cruz"
627,30,"Tarija"
628,31,"Acre"
629,31,"Alagoas"
630,31,"Amapa"
631,31,"Amazonas"
632,31,"Bahia"
633,31,"Ceara"
634,31,"Distrito Federal"
635,31,"Espirito Santo"
636,31,"Goias"
637,31,"Maranhao"
638,31,"Mato Grosso"
639,31,"Mato Grosso do Sul"
640,31,"Minas Gerais"
641,31,"Para"
642,31,"Paraiba"
643,31,"Parana"
644,31,"Pernambuco"
645,31,"Piaui"
646,31,"Rio de Janeiro"
647,31,"Rio Grande do Norte"
648,31,"Rio Grande do Sul"
649,31,"Rondonia"
650,31,"Roraima"
651,31,"Santa Catarina"
652,31,"Sao Paulo"
653,31,"Sergipe"
654,31,"Tocantins"
655,32,"Acklins and Crooked Islands"
656,32,"Bimini"
657,32,"Cat Island"
658,32,"Exuma"
659,32,"Freeport"
660,32,"Fresh Creek"
661,32,"Governor's Harbour"
662,32,"Green Turtle Cay"
663,32,"Harbour Island"
664,32,"High Rock"
665,32,"Inagua"
666,32,"Kemps Bay"
667,32,"Long Island"
668,32,"Marsh Harbour"
669,32,"Mayaguana"
670,32,"New Providence"
671,32,"Nichollstown and Berry Islands"
672,32,"Ragged Island"
673,32,"Rock Sound"
674,32,"San Salvador and Rum Cay"
675,32,"Sandy Point"
676,33,"Bumthang"
677,33,"Chhukha"
678,33,"Chirang"
679,33,"Daga"
680,33,"Geylegphug"
681,33,"Ha"
682,33,"Lhuntshi"
683,33,"Mongar"
684,33,"Paro"
685,33,"Pemagatsel"
686,33,"Punakha"
687,33,"Samchi"
688,33,"Samdrup"
689,33,"Shemgang"
690,33,"Tashigang"
691,33,"Thimphu"
692,33,"Tongsa"
693,33,"Wangdi Phodrang"
694,35,"Central"
695,35,"Chobe"
696,35,"Ghanzi"
697,35,"Kgalagadi"
698,35,"Kgatleng"
699,35,"Kweneng"
700,35,"Ngamiland"
701,35,"North-East"
702,35,"South-East"
703,35,"Southern"
704,36,"Brestskaya Voblasts'"
705,36,"Homyel'skaya Voblasts'"
706,36,"Hrodzyenskaya Voblasts'"
707,36,"Mahilyowskaya Voblasts'"
708,36,"Minsk"
709,36,"Minskaya Voblasts'"
710,36,"Vitsyebskaya Voblasts'"
711,37,"Belize"
712,37,"Cayo"
713,37,"Corozal"
714,37,"Orange Walk"
715,37,"Stann Creek"
716,37,"Toledo"
717,38,"Alberta"
718,38,"British Columbia"
719,38,"Manitoba"
720,38,"New Brunswick"
721,38,"Newfoundland and Labrador"
722,38,"Northwest Territories"
723,38,"Nova Scotia"
724,38,"Nunavut"
725,38,"Ontario"
726,38,"Prince Edward Island"
727,38,"Quebec"
728,38,"Saskatchewan"
729,38,"Yukon Territory"
730,40,"Bandundu"
731,40,"Bas-Congo"
732,40,"Equateur"
733,40,"Kasai-Occidental"
734,40,"Kasai-Oriental"
735,40,"Katanga"
736,40,"Kinshasa"
737,40,"Kivu"
738,40,"Maniema"
739,40,"Nord-Kivu"
740,40,"Orientale"
741,40,"Sud-Kivu"
742,41,"Bamingui-Bangoran"
743,41,"Bangui"
744,41,"Basse-Kotto"
745,41,"Haut-Mbomou"
746,41,"Haute-Kotto"
747,41,"Kemo"
748,41,"Lobaye"
749,41,"Mambere-Kadei"
750,41,"Mbomou"
751,41,"Nana-Grebizi"
752,41,"Nana-Mambere"
753,41,"Ombella-Mpoko"
754,41,"Ouaka"
755,41,"Ouham"
756,41,"Ouham-Pende"
757,41,"Sangha-Mbaere"
758,41,"Vakaga"
759,42,"Bouenza"
760,42,"Brazzaville"
761,42,"Cuvette"
762,42,"Kouilou"
763,42,"Lekoumou"
764,42,"Likouala"
765,42,"Niari"
766,42,"Plateaux"
767,42,"Pool"
768,42,"Sangha"
769,43,"Aargau"
770,43,"Ausser-Rhoden"
771,43,"Basel-Landschaft"
772,43,"Basel-Stadt"
773,43,"Bern"
774,43,"Fribourg"
775,43,"Geneve"
776,43,"Glarus"
777,43,"Graubunden"
778,43,"Inner-Rhoden"
779,43,"Jura"
780,43,"Luzern"
781,43,"Neuchatel"
782,43,"Nidwalden"
783,43,"Obwalden"
784,43,"Sankt Gallen"
785,43,"Schaffhausen"
786,43,"Schwyz"
787,43,"Solothurn"
788,43,"Thurgau"
789,43,"Ticino"
790,43,"Uri"
791,43,"Valais"
792,43,"Vaud"
793,43,"Zug"
794,43,"Zurich"
795,44,"Abengourou"
796,44,"Abidjan"
797,44,"Aboisso"
798,44,"Adiake"
799,44,"Adzope"
800,44,"Agboville"
801,44,"Alepe"
802,44,"Bangolo"
803,44,"Beoumi"
804,44,"Biankouma"
805,44,"Bocanda"
806,44,"Bondoukou"
807,44,"Bongouanou"
808,44,"Bouafle"
809,44,"Bouake"
810,44,"Bouna"
811,44,"Boundiali"
812,44,"Dabakala"
813,44,"Dabou"
814,44,"Daloa"
815,44,"Danane"
816,44,"Daoukro"
817,44,"Dimbokro"
818,44,"Divo"
819,44,"Duekoue"
820,44,"Ferkessedougou"
821,44,"Gagnoa"
822,44,"Grand-Bassam"
823,44,"Grand-Lahou"
824,44,"Guiglo"
825,44,"Issia"
826,44,"Jacqueville"
827,44,"Katiola"
828,44,"Korhogo"
829,44,"Lakota"
830,44,"Man"
831,44,"Mankono"
832,44,"Mbahiakro"
833,44,"Odienne"
834,44,"Oume"
835,44,"Sakassou"
836,44,"San Pedro"
837,44,"Sassandra"
838,44,"Seguela"
839,44,"Sinfra"
840,44,"Soubre"
841,44,"Tabou"
842,44,"Tanda"
843,44,"Tiassale"
844,44,"Tiebissou"
845,44,"Tingrela"
846,44,"Touba"
847,44,"Toulepleu"
848,44,"Toumodi"
849,44,"Vavoua"
850,44,"Yamoussoukro"
851,44,"Zuenoula"
852,46,"Aisen del General Carlos Ibanez del Campo"
853,46,"Antofagasta"
854,46,"Araucania"
855,46,"Atacama"
856,46,"Bio-Bio"
857,46,"Coquimbo"
858,46,"Libertador General Bernardo O'Higgins"
859,46,"Los Lagos"
860,46,"Magallanes y de la Antartica Chilena"
861,46,"Maule"
862,46,"Region Metropolitana"
863,46,"Tarapaca"
864,46,"Valparaiso"
865,47,"Adamaoua"
866,47,"Centre"
867,47,"Est"
868,47,"Extreme-Nord"
869,47,"Littoral"
870,47,"Nord"
871,47,"Nord-Ouest"
872,47,"Ouest"
873,47,"Sud"
874,47,"Sud-Ouest"
875,48,"Anhui"
876,48,"Beijing"
877,48,"Chongqing"
878,48,"Fujian"
879,48,"Gansu"
880,48,"Guangdong"
881,48,"Guangxi"
882,48,"Guizhou"
883,48,"Hainan"
884,48,"Hebei"
885,48,"Heilongjiang"
886,48,"Henan"
887,48,"Hubei"
888,48,"Hunan"
889,48,"Jiangsu"
890,48,"Jiangxi"
891,48,"Jilin"
892,48,"Liaoning"
893,48,"Nei Mongol"
894,48,"Ningxia"
895,48,"Qinghai"
896,48,"Shaanxi"
897,48,"Shandong"
898,48,"Shanghai"
899,48,"Shanxi"
900,48,"Sichuan"
901,48,"Tianjin"
902,48,"Xinjiang"
903,48,"Xizang"
904,48,"Yunnan"
905,48,"Zhejiang"
906,49,"Amazonas"
907,49,"Antioquia"
908,49,"Arauca"
909,49,"Atlantico"
910,49,"Bolivar"
911,49,"Boyaca"
912,49,"Caldas"
913,49,"Caqueta"
914,49,"Casanare"
915,49,"Cauca"
916,49,"Cesar"
917,49,"Choco"
918,49,"Cordoba"
919,49,"Cundinamarca"
920,49,"Distrito Especial"
921,49,"Guainia"
922,49,"Guaviare"
923,49,"Huila"
924,49,"La Guajira"
925,49,"Magdalena"
926,49,"Meta"
927,49,"Narino"
928,49,"Norte de Santander"
929,49,"Putumayo"
930,49,"Quindio"
931,49,"Risaralda"
932,49,"San Andres y Providencia"
933,49,"Santander"
934,49,"Sucre"
935,49,"Tolima"
936,49,"Valle del Cauca"
937,49,"Vaupes"
938,49,"Vichada"
939,50,"Alajuela"
940,50,"Cartago"
941,50,"Guanacaste"
942,50,"Heredia"
943,50,"Limon"
944,50,"Puntarenas"
945,50,"San Jose"
946,51,"Camaguey"
947,51,"Ciego de Avila"
948,51,"Cienfuegos"
949,51,"Ciudad de la Habana"
950,51,"Granma"
951,51,"Guantanamo"
952,51,"Holguin"
953,51,"Isla de la Juventud"
954,51,"La Habana"
955,51,"Las Tunas"
956,51,"Matanzas"
957,51,"Pinar del Rio"
958,51,"Sancti Spiritus"
959,51,"Santiago de Cuba"
960,51,"Villa Clara"
961,52,"Boa Vista"
962,52,"Brava"
963,52,"Maio"
964,52,"Mosteiros"
965,52,"Paul"
966,52,"Praia"
967,52,"Ribeira Grande"
968,52,"Sal"
969,52,"Santa Catarina"
970,52,"Santa Cruz"
971,52,"Sao Domingos"
972,52,"Sao Filipe"
973,52,"Sao Miguel"
974,52,"Sao Nicolau"
975,52,"Sao Vicente"
976,52,"Tarrafal"
977,54,"Famagusta"
978,54,"Kyrenia"
979,54,"Larnaca"
980,54,"Limassol"
981,54,"Nicosia"
982,54,"Paphos"
983,55,"Blansko"
984,55,"Breclav"
985,55,"Hlavni Mesto Praha"
986,55,"Hradec Kralove"
987,55,"Jablonec nad Nisou"
988,55,"Jiein"
989,55,"Jihlava"
990,55,"Jihocesky Kraj"
991,55,"Jihomoravsky Kraj"
992,55,"Karlovarsky Kraj"
993,55,"Kolin"
994,55,"Kralovehradecky Kraj"
995,55,"Liberec"
996,55,"Liberecky Kraj"
997,55,"Melnik"
998,55,"Mlada Boleslav"
999,55,"Moravskoslezsky Kraj"
1000,55,"Nachod"
1001,55,"Nymburk"
1002,55,"Olomoucky Kraj"
1003,55,"Pardubice"
1004,55,"Pardubicky Kraj"
1005,55,"Plzensky Kraj"
1006,55,"Semily"
1007,55,"Stredocesky Kraj"
1008,55,"Trutnov"
1009,55,"Ustecky Kraj"
1010,55,"Vysocina"
1011,55,"Zlinsky Kraj"
1012,56,"Baden-WÃ¼rttemberg"
1013,56,"Bayern"
1014,56,"Berlin"
1015,56,"Brandenburg"
1016,56,"Bremen"
1017,56,"Hamburg"
1018,56,"Hessen"
1019,56,"Mecklenburg-Vorpommern"
1020,56,"Niedersachsen"
1021,56,"Nordrhein-Westfalen"
1022,56,"Rheinland-Pfalz"
1023,56,"Saarland"
1024,56,"Sachsen"
1025,56,"Sachsen-Anhalt"
1026,56,"Schleswig-Holstein"
1027,56,"Thuringen"
1028,57,"Dikhil"
1029,57,"Djibouti"
1030,57,"Obock"
1031,57,"Tadjoura"
1032,58,"Arhus"
1033,58,"Bornholm"
1034,58,"Frederiksborg"
1035,58,"Fyn"
1036,58,"Kobenhavn"
1037,58,"Nordjylland"
1038,58,"Ribe"
1039,58,"Ringkobing"
1040,58,"Roskilde"
1041,58,"Sonderjylland"
1042,58,"Staden Kobenhavn"
1043,58,"Storstrom"
1044,58,"Vejle"
1045,58,"Vestsjalland"
1046,58,"Viborg"
1047,59,"Saint Andrew"
1048,59,"Saint David"
1049,59,"Saint George"
1050,59,"Saint John"
1051,59,"Saint Joseph"
1052,59,"Saint Luke"
1053,59,"Saint Mark"
1054,59,"Saint Patrick"
1055,59,"Saint Paul"
1056,59,"Saint Peter"
1057,60,"Azua"
1058,60,"Baoruco"
1059,60,"Barahona"
1060,60,"Dajabon"
1061,60,"Distrito Nacional"
1062,60,"Duarte"
1063,60,"El Seibo"
1064,60,"Elias Pina"
1065,60,"Espaillat"
1066,60,"Hato Mayor"
1067,60,"Independencia"
1068,60,"La Altagracia"
1069,60,"La Romana"
1070,60,"La Vega"
1071,60,"Maria Trinidad Sanchez"
1072,60,"Monsenor Nouel"
1073,60,"Monte Cristi"
1074,60,"Monte Plata"
1075,60,"Pedernales"
1076,60,"Peravia"
1077,60,"Puerto Plata"
1078,60,"Salcedo"
1079,60,"Samana"
1080,60,"San Cristobal"
1081,60,"San Juan"
1082,60,"San Pedro De Macoris"
1083,60,"Sanchez Ramirez"
1084,60,"Santiago"
1085,60,"Santiago Rodriguez"
1086,60,"Valverde"
1087,61,"Adrar"
1088,61,"Ain Defla"
1089,61,"Ain Temouchent"
1090,61,"Alger"
1091,61,"Annaba"
1092,61,"Batna"
1093,61,"Bechar"
1094,61,"Bejaia"
1095,61,"Biskra"
1096,61,"Blida"
1097,61,"Bordj Bou Arreridj"
1098,61,"Bouira"
1099,61,"Boumerdes"
1100,61,"Chlef"
1101,61,"Constantine"
1102,61,"Djelfa"
1103,61,"El Bayadh"
1104,61,"El Oued"
1105,61,"El Tarf"
1106,61,"Ghardaia"
1107,61,"Guelma"
1108,61,"Illizi"
1109,61,"Jijel"
1110,61,"Khenchela"
1111,61,"Laghouat"
1112,61,"M'sila"
1113,61,"Mascara"
1114,61,"Medea"
1115,61,"Mila"
1116,61,"Mostaganem"
1117,61,"Naama"
1118,61,"Oran"
1119,61,"Ouargla"
1120,61,"Oum el Bouaghi"
1121,61,"Relizane"
1122,61,"Saida"
1123,61,"Setif"
1124,61,"Sidi Bel Abbes"
1125,61,"Skikda"
1126,61,"Souk Ahras"
1127,61,"Tamanghasset"
1128,61,"Tebessa"
1129,61,"Tiaret"
1130,61,"Tindouf"
1131,61,"Tipaza"
1132,61,"Tissemsilt"
1133,61,"Tizi Ouzou"
1134,61,"Tlemcen"
1135,62,"Azuay"
1136,62,"Bolivar"
1137,62,"Canar"
1138,62,"Carchi"
1139,62,"Chimborazo"
1140,62,"Cotopaxi"
1141,62,"El Oro"
1142,62,"Esmeraldas"
1143,62,"Galapagos"
1144,62,"Guayas"
1145,62,"Imbabura"
1146,62,"Loja"
1147,62,"Los Rios"
1148,62,"Manabi"
1149,62,"Morona-Santiago"
1150,62,"Napo"
1151,62,"Orellana"
1152,62,"Pastaza"
1153,62,"Pichincha"
1154,62,"Sucumbios"
1155,62,"Tungurahua"
1156,62,"Zamora-Chinchipe"
1157,63,"Harjumaa"
1158,63,"Hiiumaa"
1159,63,"Ida-Virumaa"
1160,63,"Jarvamaa"
1161,63,"Jogevamaa"
1162,63,"Kohtla-Jarve"
1163,63,"Laane-Virumaa"
1164,63,"Laanemaa"
1165,63,"Narva"
1166,63,"Parnu"
1167,63,"Parnumaa"
1168,63,"Polvamaa"
1169,63,"Raplamaa"
1170,63,"Saaremaa"
1171,63,"Sillamae"
1172,63,"Tallinn"
1173,63,"Tartu"
1174,63,"Tartumaa"
1175,63,"Valgamaa"
1176,63,"Viljandimaa"
1177,63,"Vorumaa"
1178,64,"Ad Daqahliyah"
1179,64,"Al Bahr al Ahmar"
1180,64,"Al Buhayrah"
1181,64,"Al Fayyum"
1182,64,"Al Gharbiyah"
1183,64,"Al Iskandariyah"
1184,64,"Al Isma'iliyah"
1185,64,"Al Jizah"
1186,64,"Al Minufiyah"
1187,64,"Al Minya"
1188,64,"Al Qahirah"
1189,64,"Al Qalyubiyah"
1190,64,"Al Wadi al Jadid"
1191,64,"As Suways"
1192,64,"Ash Sharqiyah"
1193,64,"Aswan"
1194,64,"Asyut"
1195,64,"Bani Suwayf"
1196,64,"Bur Sa'id"
1197,64,"Dumyat"
1198,64,"Janub Sina'"
1199,64,"Kafr ash Shaykh"
1200,64,"Matruh"
1201,64,"Qina"
1202,64,"Shamal Sina'"
1203,64,"Suhaj"
1204,67,"Andalucia"
1205,67,"Aragon"
1206,67,"Asturias"
1207,67,"Canarias"
1208,67,"Cantabria"
1209,67,"Castilla y Leon"
1210,67,"Castilla-La Mancha"
1211,67,"Catalonia"
1212,67,"Comunidad Valenciana"
1213,67,"Extremadura"
1214,67,"Galicia"
1215,67,"Islas Baleares"
1216,67,"La Rioja"
1217,67,"Madrid"
1218,67,"Murcia"
1219,67,"Navarra"
1220,67,"Pais Vasco"
1221,68,"Addis Abeba"
1222,68,"Adis Abeba"
1223,68,"Afar"
1224,68,"Amara"
1225,68,"Amhara"
1226,68,"Benishangul"
1227,68,"Binshangul Gumuz"
1228,68,"Dire Dawa"
1229,68,"Gambela Hizboch"
1230,68,"Gambella"
1231,68,"Hareri Hizb"
1232,68,"Oromiya"
1233,68,"Somali"
1234,68,"Southern"
1235,68,"Sumale"
1236,68,"Tigray"
1237,68,"YeDebub Biheroch Bihereseboch na Hizboch"
1238,17,"Åland"
1239,69,"Eastern Finland"
1240,69,"Lapland"
1241,69,"Oulu"
1242,69,"Southern Finland"
1243,69,"Western Finland"
1244,70,"Central"
1245,70,"Eastern"
1246,70,"Northern"
1247,70,"Rotuma"
1248,70,"Western"
1249,72,"Chuuk"
1250,72,"Kosrae"
1251,72,"Pohnpei"
1252,72,"Yap"
1253,74,"Alsace"
1254,74,"Aquitaine"
1255,74,"Auvergne"
1256,74,"Basse-Normandie"
1257,74,"Bourgogne"
1258,74,"Bretagne"
1259,74,"Centre"
1260,74,"Champagne-Ardenne"
1261,74,"Corse"
1262,74,"Franche-Comte"
1263,74,"Haute-Normandie"
1264,74,"Ile-de-France"
1265,74,"Languedoc-Roussillon"
1266,74,"Limousin"
1267,74,"Lorraine"
1268,74,"Midi-Pyrenees"
1269,74,"Nord-Pas-de-Calais"
1270,74,"Pays de la Loire"
1271,74,"Picardie"
1272,74,"Poitou-Charentes"
1273,74,"Provence-Alpes-Cote d'Azur"
1274,74,"Rhone-Alpes"
1275,75,"Estuaire"
1276,75,"Haut-Ogooue"
1277,75,"Moyen-Ogooue"
1278,75,"Ngounie"
1279,75,"Nyanga"
1280,75,"Ogooue-Ivindo"
1281,75,"Ogooue-Lolo"
1282,75,"Ogooue-Maritime"
1283,75,"Woleu-Ntem"
1284,76,"Aberdeen City"
1285,76,"Aberdeenshire"
1286,76,"Angus"
1287,76,"Antrim"
1288,76,"Ards"
1289,76,"Argyll and Bute"
1290,76,"Armagh"
1291,76,"Avon"
1292,76,"Ballymena"
1293,76,"Ballymoney"
1294,76,"Banbridge"
1295,76,"Barking and Dagenham"
1296,76,"Barnet"
1297,76,"Barnsley"
1298,76,"Bath and North East Somerset"
1299,76,"Bedfordshire"
1300,76,"Belfast"
1301,76,"Berkshire"
1302,76,"Bexley"
1303,76,"Birmingham"
1304,76,"Blackburn with Darwen"
1305,76,"Blackpool"
1306,76,"Blaenau Gwent"
1307,76,"Bolton"
1308,76,"Bournemouth"
1309,76,"Bracknell Forest"
1310,76,"Bradford"
1311,76,"Brent"
1312,76,"Bridgend"
1313,76,"Brighton and Hove"
1314,76,"Bristol, City of"
1315,76,"Bromley"
1316,76,"Buckinghamshire"
1317,76,"Bury"
1318,76,"Caerphilly"
1319,76,"Calderdale"
1320,76,"Cambridgeshire"
1321,76,"Camden"
1322,76,"Cardiff"
1323,76,"Carmarthenshire"
1324,76,"Carrickfergus"
1325,76,"Castlereagh"
1326,76,"Central"
1327,76,"Ceredigion"
1328,76,"Cheshire"
1329,76,"Clackmannanshire"
1330,76,"Cleveland"
1331,76,"Clwyd"
1332,76,"Coleraine"
1333,76,"Conwy"
1334,76,"Cookstown"
1335,76,"Cornwall"
1336,76,"Coventry"
1337,76,"Craigavon"
1338,76,"Croydon"
1339,76,"Cumbria"
1340,76,"Darlington"
1341,76,"Denbighshire"
1342,76,"Derby"
1343,76,"Derbyshire"
1344,76,"Derry"
1345,76,"Devon"
1346,76,"Doncaster"
1347,76,"Dorset"
1348,76,"Down"
1349,76,"Dudley"
1350,76,"Dumfries and Galloway"
1351,76,"Dundee City"
1352,76,"Dungannon"
1353,76,"Durham"
1354,76,"Dyfed"
1355,76,"Ealing"
1356,76,"East Ayrshire"
1357,76,"East Dunbartonshire"
1358,76,"East Lothian"
1359,76,"East Renfrewshire"
1360,76,"East Riding of Yorkshire"
1361,76,"East Sussex"
1362,76,"Edinburgh, City of"
1363,76,"Eilean Siar"
1364,76,"Enfield"
1365,76,"Essex"
1366,76,"Falkirk"
1367,76,"Fermanagh"
1368,76,"Fife"
1369,76,"Flintshire"
1370,76,"Gateshead"
1371,76,"Glasgow City"
1372,76,"Gloucestershire"
1373,76,"Grampian"
1374,76,"Greater London"
1375,76,"Greater Manchester"
1376,76,"Greenwich"
1377,76,"Gwent"
1378,76,"Gwynedd"
1379,76,"Hackney"
1380,76,"Halton"
1381,76,"Hammersmith and Fulham"
1382,76,"Hampshire"
1383,76,"Haringey"
1384,76,"Harrow"
1385,76,"Hartlepool"
1386,76,"Havering"
1387,76,"Hereford and Worcester"
1388,76,"Herefordshire"
1389,76,"Hertford"
1390,76,"Highland"
1391,76,"Hillingdon"
1392,76,"Hounslow"
1393,76,"Humberside"
1394,76,"Inverclyde"
1395,76,"Isle of Anglesey"
1396,76,"Isle of Wight"
1397,76,"Islington"
1398,76,"Kensington and Chelsea"
1399,76,"Kent"
1400,76,"Kingston upon Hull, City of"
1401,76,"Kingston upon Thames"
1402,76,"Kirklees"
1403,76,"Knowsley"
1404,76,"Lambeth"
1405,76,"Lancashire"
1406,76,"Larne"
1407,76,"Leeds"
1408,76,"Leicester"
1409,76,"Leicestershire"
1410,76,"Lewisham"
1411,76,"Limavady"
1412,76,"Lincolnshire"
1413,76,"Lisburn"
1414,76,"Liverpool"
1415,76,"London, City of"
1416,76,"Lothian"
1417,76,"Luton"
1418,76,"Magherafelt"
1419,76,"Manchester"
1420,76,"Medway"
1421,76,"Merseyside"
1422,76,"Merthyr Tydfil"
1423,76,"Merton"
1424,76,"Mid Glamorgan"
1425,76,"Middlesbrough"
1426,76,"Midlothian"
1427,76,"Milton Keynes"
1428,76,"Monmouthshire"
1429,76,"Moray"
1430,76,"Moyle"
1431,76,"Neath Port Talbot"
1432,76,"Newcastle upon Tyne"
1433,76,"Newham"
1434,76,"Newport"
1435,76,"Newry and Mourne"
1436,76,"Newtownabbey"
1437,76,"Norfolk"
1438,76,"North Ayrshire"
1439,76,"North Down"
1440,76,"North East Lincolnshire"
1441,76,"North Lanarkshire"
1442,76,"North Lincolnshire"
1443,76,"North Somerset"
1444,76,"North Tyneside"
1445,76,"North Yorkshire"
1446,76,"Northamptonshire"
1447,76,"Northumberland"
1448,76,"Nottingham"
1449,76,"Nottinghamshire"
1450,76,"Oldham"
1451,76,"Omagh"
1452,76,"Orkney"
1453,76,"Oxfordshire"
1454,76,"Pembrokeshire"
1455,76,"Perth and Kinross"
1456,76,"Peterborough"
1457,76,"Plymouth"
1458,76,"Poole"
1459,76,"Portsmouth"
1460,76,"Powys"
1461,76,"Reading"
1462,76,"Redbridge"
1463,76,"Redcar and Cleveland"
1464,76,"Renfrewshire"
1465,76,"Rhondda Cynon Taff"
1466,76,"Richmond upon Thames"
1467,76,"Rochdale"
1468,76,"Rotherham"
1469,76,"Rutland"
1470,76,"Salford"
1471,76,"Sandwell"
1472,76,"Scottish Borders, The"
1473,76,"Sefton"
1474,76,"Sheffield"
1475,76,"Shetland Islands"
1476,76,"Shropshire"
1477,76,"Slough"
1478,76,"Solihull"
1479,76,"Somerset"
1480,76,"South Ayrshire"
1481,76,"South Glamorgan"
1482,76,"South Gloucestershire"
1483,76,"South Lanarkshire"
1484,76,"South Tyneside"
1485,76,"South Yorkshire"
1486,76,"Southampton"
1487,76,"Southend-on-Sea"
1488,76,"Southwark"
1489,76,"St. Helens"
1490,76,"Staffordshire"
1491,76,"Stirling"
1492,76,"Stockport"
1493,76,"Stockton-on-Tees"
1494,76,"Stoke-on-Trent"
1495,76,"Strabane"
1496,76,"Strathclyde"
1497,76,"Suffolk"
1498,76,"Sunderland"
1499,76,"Surrey"
1500,76,"Sutton"
1501,76,"Swansea"
1502,76,"Swindon"
1503,76,"Tameside"
1504,76,"Tayside"
1505,76,"Telford and Wrekin"
1506,76,"Thurrock"
1507,76,"Torbay"
1508,76,"Torfaen"
1509,76,"Tower Hamlets"
1510,76,"Trafford"
1511,76,"Tyne and Wear"
1512,76,"Vale of Glamorgan, The"
1513,76,"Wakefield"
1514,76,"Walsall"
1515,76,"Waltham Forest"
1516,76,"Wandsworth"
1517,76,"Warrington"
1518,76,"Warwickshire"
1519,76,"West Berkshire"
1520,76,"West Dunbartonshire"
1521,76,"West Glamorgan"
1522,76,"West Lothian"
1523,76,"West Midlands"
1524,76,"West Sussex"
1525,76,"West Yorkshire"
1526,76,"Westminster"
1527,76,"Wigan"
1528,76,"Wiltshire"
1529,76,"Windsor and Maidenhead"
1530,76,"Wirral"
1531,76,"Wokingham"
1532,76,"Wolverhampton"
1533,76,"Worcestershire"
1534,76,"Wrexham"
1535,76,"York"
1536,77,"Saint Andrew"
1537,77,"Saint David"
1538,77,"Saint George"
1539,77,"Saint John"
1540,77,"Saint Mark"
1541,77,"Saint Patrick"
1542,78,"Abashis Raioni"
1543,78,"Abkhazia"
1544,78,"Adigenis Raioni"
1545,78,"Ajaria"
1546,78,"Akhalgoris Raioni"
1547,78,"Akhalk'alak'is Raioni"
1548,78,"Akhalts'ikhis Raioni"
1549,78,"Akhmetis Raioni"
1550,78,"Ambrolauris Raioni"
1551,78,"Aspindzis Raioni"
1552,78,"Baghdat'is Raioni"
1553,78,"Bolnisis Raioni"
1554,78,"Borjomis Raioni"
1555,78,"Ch'khorotsqus Raioni"
1556,78,"Ch'okhatauris Raioni"
1557,78,"Chiat'ura"
1558,78,"Dedop'listsqaros Raioni"
1559,78,"Dmanisis Raioni"
1560,78,"Dushet'is Raioni"
1561,78,"Gardabanis Raioni"
1562,78,"Gori"
1563,78,"Goris Raioni"
1564,78,"Gurjaanis Raioni"
1565,78,"Javis Raioni"
1566,78,"K'arelis Raioni"
1567,78,"K'ut'aisi"
1568,78,"Kaspis Raioni"
1569,78,"Kharagaulis Raioni"
1570,78,"Khashuris Raioni"
1571,78,"Khobis Raioni"
1572,78,"Khonis Raioni"
1573,78,"Lagodekhis Raioni"
1574,78,"Lanch'khut'is Raioni"
1575,78,"Lentekhis Raioni"
1576,78,"Marneulis Raioni"
1577,78,"Martvilis Raioni"
1578,78,"Mestiis Raioni"
1579,78,"Mts'khet'is Raioni"
1580,78,"Ninotsmindis Raioni"
1581,78,"Onis Raioni"
1582,78,"Ozurget'is Raioni"
1583,78,"P'ot'i"
1584,78,"Qazbegis Raioni"
1585,78,"Qvarlis Raioni"
1586,78,"Rust'avi"
1587,78,"Sach'kheris Raioni"
1588,78,"Sagarejos Raioni"
1589,78,"Samtrediis Raioni"
1590,78,"Senakis Raioni"
1591,78,"Sighnaghis Raioni"
1592,78,"T'bilisi"
1593,78,"T'elavis Raioni"
1594,78,"T'erjolis Raioni"
1595,78,"T'et'ritsqaros Raioni"
1596,78,"T'ianet'is Raioni"
1597,78,"Tqibuli"
1598,78,"Ts'ageris Raioni"
1599,78,"Tsalenjikhis Raioni"
1600,78,"Tsalkis Raioni"
1601,78,"Tsqaltubo"
1602,78,"Vanis Raioni"
1603,78,"Zestap'onis Raioni"
1604,78,"Zugdidi"
1605,78,"Zugdidis Raioni"
1606,81,"Ashanti"
1607,81,"Brong-Ahafo"
1608,81,"Central"
1609,81,"Eastern"
1610,81,"Greater Accra"
1611,81,"Northern"
1612,81,"Upper East"
1613,81,"Upper West"
1614,81,"Volta"
1615,81,"Western"
1616,83,"Nordgronland"
1617,83,"Ostgronland"
1618,83,"Vestgronland"
1619,84,"Banjul"
1620,84,"Lower River"
1621,84,"MacCarthy Island"
1622,84,"North Bank"
1623,84,"Upper River"
1624,84,"Western"
1625,85,"Beyla"
1626,85,"Boffa"
1627,85,"Boke"
1628,85,"Conakry"
1629,85,"Coyah"
1630,85,"Dabola"
1631,85,"Dalaba"
1632,85,"Dinguiraye"
1633,85,"Dubreka"
1634,85,"Faranah"
1635,85,"Forecariah"
1636,85,"Fria"
1637,85,"Gaoual"
1638,85,"Gueckedou"
1639,85,"Kankan"
1640,85,"Kerouane"
1641,85,"Kindia"
1642,85,"Kissidougou"
1643,85,"Koubia"
1644,85,"Koundara"
1645,85,"Kouroussa"
1646,85,"Labe"
1647,85,"Lelouma"
1648,85,"Lola"
1649,85,"Macenta"
1650,85,"Mali"
1651,85,"Mamou"
1652,85,"Mandiana"
1653,85,"Nzerekore"
1654,85,"Pita"
1655,85,"Siguiri"
1656,85,"Telimele"
1657,85,"Tougue"
1658,85,"Yomou"
1659,87,"Annobon"
1660,87,"Bioko Norte"
1661,87,"Bioko Sur"
1662,87,"Centro Sur"
1663,87,"Kie-Ntem"
1664,87,"Litoral"
1665,87,"Wele-Nzas"
1666,88,"Aitolia kai Akarnania"
1667,88,"Akhaia"
1668,88,"Argolis"
1669,88,"Arkadhia"
1670,88,"Arta"
1671,88,"Attiki"
1672,88,"Dhodhekanisos"
1673,88,"Drama"
1674,88,"Evritania"
1675,88,"Evros"
1676,88,"Evvoia"
1677,88,"Florina"
1678,88,"Fokis"
1679,88,"Fthiotis"
1680,88,"Grevena"
1681,88,"Ilia"
1682,88,"Imathia"
1683,88,"Ioannina"
1684,88,"Iraklion"
1685,88,"Kardhitsa"
1686,88,"Kastoria"
1687,88,"Kavala"
1688,88,"Kefallinia"
1689,88,"Kerkira"
1690,88,"Khalkidhiki"
1691,88,"Khania"
1692,88,"Khios"
1693,88,"Kikladhes"
1694,88,"Kilkis"
1695,88,"Korinthia"
1696,88,"Kozani"
1697,88,"Lakonia"
1698,88,"Larisa"
1699,88,"Lasithi"
1700,88,"Lesvos"
1701,88,"Levkas"
1702,88,"Magnisia"
1703,88,"Messinia"
1704,88,"Pella"
1705,88,"Pieria"
1706,88,"Preveza"
1707,88,"Rethimni"
1708,88,"Rodhopi"
1709,88,"Samos"
1710,88,"Serrai"
1711,88,"Thesprotia"
1712,88,"Thessaloniki"
1713,88,"Trikala"
1714,88,"Voiotia"
1715,88,"Xanthi"
1716,88,"Zakinthos"
1717,90,"Alta Verapaz"
1718,90,"Baja Verapaz"
1719,90,"Chimaltenango"
1720,90,"Chiquimula"
1721,90,"El Progreso"
1722,90,"Escuintla"
1723,90,"Guatemala"
1724,90,"Huehuetenango"
1725,90,"Izabal"
1726,90,"Jalapa"
1727,90,"Jutiapa"
1728,90,"Peten"
1729,90,"Quetzaltenango"
1730,90,"Quiche"
1731,90,"Retalhuleu"
1732,90,"Sacatepequez"
1733,90,"San Marcos"
1734,90,"Santa Rosa"
1735,90,"Solola"
1736,90,"Suchitepequez"
1737,90,"Totonicapan"
1738,90,"Zacapa"
1739,92,"Bafata"
1740,92,"Biombo"
1741,92,"Bissau"
1742,92,"Bolama"
1743,92,"Cacheu"
1744,92,"Gabu"
1745,92,"Oio"
1746,92,"Quinara"
1747,92,"Tombali"
1748,93,"Barima-Waini"
1749,93,"Cuyuni-Mazaruni"
1750,93,"Demerara-Mahaica"
1751,93,"East Berbice-Corentyne"
1752,93,"Essequibo Islands-West Demerara"
1753,93,"Mahaica-Berbice"
1754,93,"Pomeroon-Supenaam"
1755,93,"Potaro-Siparuni"
1756,93,"Upper Demerara-Berbice"
1757,93,"Upper Takutu-Upper Essequibo"
1758,96,"Atlantida"
1759,96,"Choluteca"
1760,96,"Colon"
1761,96,"Comayagua"
1762,96,"Copan"
1763,96,"Cortes"
1764,96,"El Paraiso"
1765,96,"Francisco Morazan"
1766,96,"Gracias a Dios"
1767,96,"Intibuca"
1768,96,"Islas de la Bahia"
1769,96,"La Paz"
1770,96,"Lempira"
1771,96,"Ocotepeque"
1772,96,"Olancho"
1773,96,"Santa Barbara"
1774,96,"Valle"
1775,96,"Yoro"
1776,97,"Bjelovarsko-Bilogorska"
1777,97,"Brodsko-Posavska"
1778,97,"Dubrovacko-Neretvanska"
1779,97,"Grad Zagreb"
1780,97,"Istarska"
1781,97,"Karlovacka"
1782,97,"Koprivnicko-Krizevacka"
1783,97,"Krapinsko-Zagorska"
1784,97,"Licko-Senjska"
1785,97,"Medimurska"
1786,97,"Osjecko-Baranjska"
1787,97,"Pozesko-Slavonska"
1788,97,"Primorsko-Goranska"
1789,97,"Sibensko-Kninska"
1790,97,"Sisacko-Moslavacka"
1791,97,"Splitsko-Dalmatinska"
1792,97,"Varazdinska"
1793,97,"Viroviticko-Podravska"
1794,97,"Vukovarsko-Srijemska"
1795,97,"Zadarska"
1796,97,"Zagrebacka"
1797,98,"Artibonite"
1798,98,"Centre"
1799,98,"Grand' Anse"
1800,98,"Nord"
1801,98,"Nord-Est"
1802,98,"Nord-Ouest"
1803,98,"Ouest"
1804,98,"Sud"
1805,98,"Sud-Est"
1806,99,"Bacs-Kiskun"
1807,99,"Baranya"
1808,99,"Bekes"
1809,99,"Bekescsaba"
1810,99,"Borsod-Abauj-Zemplen"
1811,99,"Budapest"
1812,99,"Csongrad"
1813,99,"Debrecen"
1814,99,"Dunaujvaros"
1815,99,"Eger"
1816,99,"Fejer"
1817,99,"Gyor"
1818,99,"Gyor-Moson-Sopron"
1819,99,"Hajdu-Bihar"
1820,99,"Heves"
1821,99,"Hodmezovasarhely"
1822,99,"Jasz-Nagykun-Szolnok"
1823,99,"Kaposvar"
1824,99,"Kecskemet"
1825,99,"Komarom-Esztergom"
1826,99,"Miskolc"
1827,99,"Nagykanizsa"
1828,99,"Nograd"
1829,99,"Nyiregyhaza"
1830,99,"Pecs"
1831,99,"Pest"
1832,99,"Somogy"
1833,99,"Sopron"
1834,99,"Szabolcs-Szatmar-Bereg"
1835,99,"Szeged"
1836,99,"Szekesfehervar"
1837,99,"Szolnok"
1838,99,"Szombathely"
1839,99,"Tatabanya"
1840,99,"Tolna"
1841,99,"Vas"
1842,99,"Veszprem"
1843,99,"Zala"
1844,99,"Zalaegerszeg"
1845,100,"Aceh"
1846,100,"Bali"
1847,100,"Banten"
1848,100,"Bengkulu"
1849,100,"Gorontalo"
1850,100,"Jakarta Raya"
1851,100,"Jambi"
1852,100,"Jawa Barat"
1853,100,"Jawa Tengah"
1854,100,"Jawa Timur"
1855,100,"Kalimantan Barat"
1856,100,"Kalimantan Selatan"
1857,100,"Kalimantan Tengah"
1858,100,"Kalimantan Timur"
1859,100,"Kepulauan Bangka Belitung"
1860,100,"Lampung"
1861,100,"Maluku"
1862,100,"Maluku Utara"
1863,100,"Nusa Tenggara Barat"
1864,100,"Nusa Tenggara Timur"
1865,100,"Papua"
1866,100,"Riau"
1867,100,"Sulawesi Selatan"
1868,100,"Sulawesi Tengah"
1869,100,"Sulawesi Tenggara"
1870,100,"Sulawesi Utara"
1871,100,"Sumatera Barat"
1872,100,"Sumatera Selatan"
1873,100,"Sumatera Utara"
1874,100,"Yogyakarta"
1875,101,"Carlow"
1876,101,"Cavan"
1877,101,"Clare"
1878,101,"Cork"
1879,101,"Donegal"
1880,101,"Dublin"
1881,101,"Galway"
1882,101,"Kerry"
1883,101,"Kildare"
1884,101,"Kilkenny"
1885,101,"Laois"
1886,101,"Leitrim"
1887,101,"Limerick"
1888,101,"Longford"
1889,101,"Louth"
1890,101,"Mayo"
1891,101,"Meath"
1892,101,"Monaghan"
1893,101,"Offaly"
1894,101,"Roscommon"
1895,101,"Sligo"
1896,101,"Tipperary"
1897,101,"Waterford"
1898,101,"Westmeath"
1899,101,"Wexford"
1900,101,"Wicklow"
1901,102,"HaDarom"
1902,102,"HaMerkaz"
1903,102,"HaZafon"
1904,102,"Hefa"
1905,102,"Tel Aviv"
1906,102,"Yerushalayim"
1907,104,"Andaman and Nicobar Islands"
1908,104,"Andhra Pradesh"
1909,104,"Arunachal Pradesh"
1910,104,"Assam"
1911,104,"Bihar"
1912,104,"Chandigarh"
1913,104,"Chhattisgarh"
1914,104,"Dadra and Nagar Haveli"
1915,104,"Daman and Diu"
1916,104,"Delhi"
1917,104,"Goa"
1918,104,"Gujarat"
1919,104,"Haryana"
1920,104,"Himachal Pradesh"
1921,104,"Jammu and Kashmir"
1922,104,"Jharkhand"
1923,104,"Karnataka"
1924,104,"Kerala"
1925,104,"Lakshadweep"
1926,104,"Madhya Pradesh"
1927,104,"Maharashtra"
1928,104,"Manipur"
1929,104,"Meghalaya"
1930,104,"Mizoram"
1931,104,"Nagaland"
1932,104,"Orissa"
1933,104,"Pondicherry"
1934,104,"Punjab"
1935,104,"Rajasthan"
1936,104,"Sikkim"
1937,104,"Tamil Nadu"
1938,104,"Tripura"
1939,104,"Uttar Pradesh"
1940,104,"Uttaranchal"
1941,104,"West Bengal"
1942,106,"Al Anbar"
1943,106,"Al Basrah"
1944,106,"Al Muthanna"
1945,106,"Al Qadisiyah"
1946,106,"An Najaf"
1947,106,"Arbil"
1948,106,"As Sulaymaniyah"
1949,106,"At Ta'mim"
1950,106,"Babil"
1951,106,"Baghdad"
1952,106,"Dahuk"
1953,106,"Dhi Qar"
1954,106,"Diyala"
1955,106,"Karbala'"
1956,106,"Maysan"
1957,106,"Ninawa"
1958,106,"Salah ad Din"
1959,106,"Wasit"
1960,107,"Ardabil"
1961,107,"Azarbayjan-e Bakhtari"
1962,107,"Azarbayjan-e Khavari"
1963,107,"Bakhtaran"
1964,107,"Bushehr"
1965,107,"Chahar Mahall va Bakhtiari"
1966,107,"Esfahan"
1967,107,"Fars"
1968,107,"Gilan"
1969,107,"Golestan"
1970,107,"Hamadan"
1971,107,"Hormozgan"
1972,107,"Ilam"
1973,107,"Kerman"
1974,107,"Khorasan"
1975,107,"Khuzestan"
1976,107,"Kohkiluyeh va Buyer Ahmadi"
1977,107,"Kordestan"
1978,107,"Lorestan"
1979,107,"Markazi"
1980,107,"Mazandaran"
1981,107,"Qazvin"
1982,107,"Qom"
1983,107,"Semnan"
1984,107,"Sistan va Baluchestan"
1985,107,"Tehran"
1986,107,"Yazd"
1987,107,"Zanjan"
1988,108,"Akranes"
1989,108,"Akureyri"
1990,108,"Arnessysla"
1991,108,"Austur-Bardastrandarsysla"
1992,108,"Austur-Hunavatnssysla"
1993,108,"Austur-Skaftafellssysla"
1994,108,"Borgarfjardarsysla"
1995,108,"Dalasysla"
1996,108,"Eyjafjardarsysla"
1997,108,"Gullbringusysla"
1998,108,"Hafnarfjordur"
1999,108,"Husavik"
2000,108,"Isafjordur"
2001,108,"Keflavik"
2002,108,"Kjosarsysla"
2003,108,"Kopavogur"
2004,108,"Myrasysla"
2005,108,"Neskaupstadur"
2006,108,"Nordur-Isafjardarsysla"
2007,108,"Nordur-Mulasysla"
2008,108,"Nordur-Tingeyjarsysla"
2009,108,"Olafsfjordur"
2010,108,"Rangarvallasysla"
2011,108,"Reykjavik"
2012,108,"Saudarkrokur"
2013,108,"Seydisfjordur"
2014,108,"Siglufjordur"
2015,108,"Skagafjardarsysla"
2016,108,"Snafellsnes- og Hnappadalssysla"
2017,108,"Strandasysla"
2018,108,"Sudur-Mulasysla"
2019,108,"Sudur-Tingeyjarsysla"
2020,108,"Vestmannaeyjar"
2021,108,"Vestur-Bardastrandarsysla"
2022,108,"Vestur-Hunavatnssysla"
2023,108,"Vestur-Isafjardarsysla"
2024,108,"Vestur-Skaftafellssysla"
2025,109,"Abruzzi"
2026,109,"Basilicata"
2027,109,"Calabria"
2028,109,"Campania"
2029,109,"Emilia-Romagna"
2030,109,"Friuli-Venezia Giulia"
2031,109,"Lazio"
2032,109,"Liguria"
2033,109,"Lombardia"
2034,109,"Marche"
2035,109,"Molise"
2036,109,"Piemonte"
2037,109,"Puglia"
2038,109,"Sardegna"
2039,109,"Sicilia"
2040,109,"Toscana"
2041,109,"Trentino-Alto Adige"
2042,109,"Umbria"
2043,109,"Valle d'Aosta"
2044,109,"Veneto"
2045,111,"Clarendon"
2046,111,"Hanover"
2047,111,"Kingston"
2048,111,"Manchester"
2049,111,"Portland"
2050,111,"Saint Andrew"
2051,111,"Saint Ann"
2052,111,"Saint Catherine"
2053,111,"Saint Elizabeth"
2054,111,"Saint James"
2055,111,"Saint Mary"
2056,111,"Saint Thomas"
2057,111,"Trelawny"
2058,111,"Westmoreland"
2059,112,"Al Balqa'"
2060,112,"Al Karak"
2061,112,"Al Mafraq"
2062,112,"Amman"
2063,112,"At Tafilah"
2064,112,"Az Zarqa"
2065,112,"Irbid"
2066,112,"Ma"
2067,113,"Aichi"
2068,113,"Akita"
2069,113,"Aomori"
2070,113,"Chiba"
2071,113,"Ehime"
2072,113,"Fukui"
2073,113,"Fukuoka"
2074,113,"Fukushima"
2075,113,"Gifu"
2076,113,"Gumma"
2077,113,"Hiroshima"
2078,113,"Hokkaido"
2079,113,"Hyogo"
2080,113,"Ibaraki"
2081,113,"Ishikawa"
2082,113,"Iwate"
2083,113,"Kagawa"
2084,113,"Kagoshima"
2085,113,"Kanagawa"
2086,113,"Kochi"
2087,113,"Kumamoto"
2088,113,"Kyoto"
2089,113,"Mie"
2090,113,"Miyagi"
2091,113,"Miyazaki"
2092,113,"Nagano"
2093,113,"Nagasaki"
2094,113,"Nara"
2095,113,"Niigata"
2096,113,"Oita"
2097,113,"Okayama"
2098,113,"Okinawa"
2099,113,"Osaka"
2100,113,"Saga"
2101,113,"Saitama"
2102,113,"Shiga"
2103,113,"Shimane"
2104,113,"Shizuoka"
2105,113,"Tochigi"
2106,113,"Tokushima"
2107,113,"Tokyo"
2108,113,"Tottori"
2109,113,"Toyama"
2110,113,"Wakayama"
2111,113,"Yamagata"
2112,113,"Yamaguchi"
2113,113,"Yamanashi"
2114,114,"Central"
2115,114,"Coast"
2116,114,"Eastern"
2117,114,"Nairobi Area"
2118,114,"North-Eastern"
2119,114,"Nyanza"
2120,114,"Rift Valley"
2121,114,"Western"
2122,115,"Batken"
2123,115,"Bishkek"
2124,115,"Chuy"
2125,115,"Jalal-Abad"
2126,115,"Naryn"
2127,115,"Osh"
2128,115,"Talas"
2129,115,"Ysyk-Kol"
2130,116,"Batdambang"
2131,116,"Kampong Cham"
2132,116,"Kampong Chhnang"
2133,116,"Kampong Spoe"
2134,116,"Kampong Thum"
2135,116,"Kampot"
2136,116,"Kandal"
2137,116,"Kaoh Kong"
2138,116,"Kracheh"
2139,116,"Mondol Kiri"
2140,116,"Pailin"
2141,116,"Phnum Penh"
2142,116,"Pouthisat"
2143,116,"Preah Vihear"
2144,116,"Prey Veng"
2145,116,"Rotanokiri"
2146,116,"Siemreab-Otdar Meanchey"
2147,116,"Stoeng Treng"
2148,116,"Svay Rieng"
2149,116,"Takev"
2150,117,"Gilbert Islands"
2151,117,"Line Islands"
2152,117,"Phoenix Islands"
2153,118,"Anjouan"
2154,118,"Grande Comore"
2155,118,"Moheli"
2156,119,"Christ Church Nichola Town"
2157,119,"Saint Anne Sandy Point"
2158,119,"Saint George Basseterre"
2159,119,"Saint George Gingerland"
2160,119,"Saint James Windward"
2161,119,"Saint John Capisterre"
2162,119,"Saint John Figtree"
2163,119,"Saint Mary Cayon"
2164,119,"Saint Paul Capisterre"
2165,119,"Saint Paul Charlestown"
2166,119,"Saint Peter Basseterre"
2167,119,"Saint Thomas Lowland"
2168,119,"Saint Thomas Middle Island"
2169,119,"Trinity Palmetto Point"
2170,120,"Chagang-do"
2171,120,"Hamgyong-bukto"
2172,120,"Hamgyong-namdo"
2173,120,"Hwanghae-bukto"
2174,120,"Hwanghae-namdo"
2175,120,"Kaesong-si"
2176,120,"Kangwon-do"
2177,120,"Najin Sonbong-si"
2178,120,"Namp'o-si"
2179,120,"P'yongan-bukto"
2180,120,"P'yongan-namdo"
2181,120,"P'yongyang-si"
2182,120,"Yanggang-do"
2183,121,"Ch'ungch'ong-bukto"
2184,121,"Ch'ungch'ong-namdo"
2185,121,"Cheju-do"
2186,121,"Cholla-bukto"
2187,121,"Cholla-namdo"
2188,121,"Inch'on-jikhalsi"
2189,121,"Kangwon-do"
2190,121,"Kwangju-jikhalsi"
2191,121,"Kyonggi-do"
2192,121,"Kyongsang-bukto"
2193,121,"Kyongsang-namdo"
2194,121,"Pusan-jikhalsi"
2195,121,"Seoul-t'ukpyolsi"
2196,121,"Taegu-jikhalsi"
2197,121,"Taejon-jikhalsi"
2198,121,"Ulsan-gwangyoksi"
2199,122,"Al Ahmadi"
2200,122,"Al Jahra"
2201,122,"Al Kuwayt"
2202,122,"Hawalli"
2203,123,"Creek"
2204,123,"Eastern"
2205,123,"Midland"
2206,123,"South Town"
2207,123,"Spot Bay"
2208,123,"Stake Bay"
2209,123,"West End"
2210,123,"Western"
2211,124,"Aktobe"
2212,124,"Almaty"
2213,124,"Almaty City"
2214,124,"Aqmola"
2215,124,"Astana"
2216,124,"Atyrau"
2217,124,"Bayqonyr"
2218,124,"East Kazakhstan"
2219,124,"Mangghystau"
2220,124,"North Kazakhstan"
2221,124,"Pavlodar"
2222,124,"Qaraghandy"
2223,124,"Qostanay"
2224,124,"Qyzylorda"
2225,124,"South Kazakhstan"
2226,124,"West Kazakhstan"
2227,124,"Zhambyl"
2228,125,"Attapu"
2229,125,"Champasak"
2230,125,"Houaphan"
2231,125,"Khammouan"
2232,125,"Louang Namtha"
2233,125,"Louangphrabang"
2234,125,"Oudomxai"
2235,125,"Phongsali"
2236,125,"Saravan"
2237,125,"Savannakhet"
2238,125,"Vientiane"
2239,125,"Xaignabouri"
2240,125,"Xiangkhoang"
2241,126,"Beqaa"
2242,126,"Beyrouth"
2243,126,"Liban-Nord"
2244,126,"Liban-Sud"
2245,126,"Mont-Liban"
2246,126,"Nabatiye"
2247,127,"Anse-la-Raye"
2248,127,"Castries"
2249,127,"Choiseul"
2250,127,"Dauphin"
2251,127,"Dennery"
2252,127,"Gros-Islet"
2253,127,"Laborie"
2254,127,"Micoud"
2255,127,"Praslin"
2256,127,"Soufriere"
2257,127,"Vieux-Fort"
2258,128,"Balzers"
2259,128,"Eschen"
2260,128,"Gamprin"
2261,128,"Mauren"
2262,128,"Planken"
2263,128,"Ruggell"
2264,128,"Schaan"
2265,128,"Schellenberg"
2266,128,"Triesen"
2267,128,"Triesenberg"
2268,128,"Vaduz"
2269,129,"Amparai"
2270,129,"Anuradhapura"
2271,129,"Badulla"
2272,129,"Batticaloa"
2273,129,"Colombo"
2274,129,"Galle"
2275,129,"Gampaha"
2276,129,"Hambantota"
2277,129,"Jaffna"
2278,129,"Kalutara"
2279,129,"Kandy"
2280,129,"Kegalla"
2281,129,"Kurunegala"
2282,129,"Mannar"
2283,129,"Matale"
2284,129,"Matara"
2285,129,"Moneragala"
2286,129,"Mullaittivu"
2287,129,"Nuwara Eliya"
2288,129,"Polonnaruwa"
2289,129,"Puttalam"
2290,129,"Ratnapura"
2291,129,"Trincomalee"
2292,129,"Vavuniya"
2293,130,"Bong"
2294,130,"Grand Bassa"
2295,130,"Grand Cape Mount"
2296,130,"Grand Jide"
2297,130,"Lofa"
2298,130,"Maryland"
2299,130,"Monrovia"
2300,130,"Montserrado"
2301,130,"Nimba"
2302,130,"Sino"
2303,131,"Berea"
2304,131,"Butha-Buthe"
2305,131,"Leribe"
2306,131,"Mafeteng"
2307,131,"Maseru"
2308,131,"Mohales Hoek"
2309,131,"Mokhotlong"
2310,131,"Qachas Nek"
2311,131,"Quthing"
2312,131,"Thaba-Tseka"
2313,132,"Alytaus Apskritis"
2314,132,"Kauno Apskritis"
2315,132,"Klaipedos Apskritis"
2316,132,"Marijampoles Apskritis"
2317,132,"Panevezio Apskritis"
2318,132,"Siauliu Apskritis"
2319,132,"Taurages Apskritis"
2320,132,"Telsiu Apskritis"
2321,132,"Utenos Apskritis"
2322,132,"Vilniaus Apskritis"
2323,133,"Diekirch"
2324,133,"Grevenmacher"
2325,133,"Luxembourg"
2326,134,"Cesis"
2327,134,"Aizkraukles"
2328,134,"Aluksnes"
2329,134,"Balvu"
2330,134,"Bauskas"
2331,134,"Daugavpils"
2332,134,"Dobeles"
2333,134,"Gulbenes"
2334,134,"Jelgava"
2335,134,"Jelgavas"
2336,134,"Jurmala"
2337,134,"Kuldigas"
2338,134,"Limbazu"
2339,134,"Ludzas"
2340,134,"Madonas"
2341,134,"Ogres"
2342,134,"Preilu"
2343,134,"Riga"
2344,134,"Rigas"
2345,134,"Saldus"
2346,134,"Talsu"
2347,134,"Tukuma"
2348,134,"Valkas"
2349,134,"Valmieras"
2350,134,"Ventspils"
2351,135,"Ajdabiya"
2352,135,"Al"
2353,135,"Al Fatih"
2354,135,"Al Jabal al Akhdar"
2355,135,"Al Jufrah"
2356,135,"Al Khums"
2357,135,"Al Kufrah"
2358,135,"An Nuqat al Khams"
2359,135,"Ash Shati'"
2360,135,"Awbari"
2361,135,"Az Zawiyah"
2362,135,"Banghazi"
2363,135,"Darnah"
2364,135,"Ghadamis"
2365,135,"Gharyan"
2366,135,"Misratah"
2367,135,"Murzuq"
2368,135,"Sabha"
2369,135,"Sawfajjin"
2370,135,"Surt"
2371,135,"Tarabulus"
2372,135,"Tarhunah"
2373,135,"Tubruq"
2374,135,"Yafran"
2375,135,"Zlitan"
2376,136,"Agadir"
2377,136,"Al Hoceima"
2378,136,"Azilal"
2379,136,"Ben Slimane"
2380,136,"Beni Mellal"
2381,136,"Boulemane"
2382,136,"Casablanca"
2383,136,"Chaouen"
2384,136,"El Jadida"
2385,136,"El Kelaa des Srarhna"
2386,136,"Er Rachidia"
2387,136,"Essaouira"
2388,136,"Fes"
2389,136,"Figuig"
2390,136,"Guelmim"
2391,136,"Ifrane"
2392,136,"Kenitra"
2393,136,"Khemisset"
2394,136,"Khenifra"
2395,136,"Khouribga"
2396,136,"Laayoune"
2397,136,"Larache"
2398,136,"Marrakech"
2399,136,"Meknes"
2400,136,"Nador"
2401,136,"Ouarzazate"
2402,136,"Oujda"
2403,136,"Rabat-Sale"
2404,136,"Safi"
2405,136,"Settat"
2406,136,"Sidi Kacem"
2407,136,"Tan-Tan"
2408,136,"Tanger"
2409,136,"Taounate"
2410,136,"Taroudannt"
2411,136,"Tata"
2412,136,"Taza"
2413,136,"Tetouan"
2414,136,"Tiznit"
2415,137,"La Condamine"
2416,137,"Monaco"
2417,137,"Monte-Carlo"
2418,138,"Balti"
2419,138,"Cahul"
2420,138,"Chisinau"
2421,138,"Edinet"
2422,138,"Gagauzia"
2423,138,"Lapusna"
2424,138,"Orhei"
2425,138,"Soroca"
2426,138,"Stinga Nistrului"
2427,138,"Tighina"
2428,138,"Ungheni"
2429,141,"Antananarivo"
2430,141,"Antsiranana"
2431,141,"Fianarantsoa"
2432,141,"Mahajanga"
2433,141,"Toamasina"
2434,141,"Toliara"
2435,143,"Aracinovo"
2436,143,"Bac"
2437,143,"Belcista"
2438,143,"Berovo"
2439,143,"Bistrica"
2440,143,"Bitola"
2441,143,"Blatec"
2442,143,"Bogdanci"
2443,143,"Bogomila"
2444,143,"Bogovinje"
2445,143,"Bosilovo"
2446,143,"Brvenica"
2447,143,"Cair"
2448,143,"Capari"
2449,143,"Caska"
2450,143,"Cegrane"
2451,143,"Centar"
2452,143,"Centar Zupa"
2453,143,"Cesinovo"
2454,143,"Cucer-Sandevo"
2455,143,"Debar"
2456,143,"Delcevo"
2457,143,"Delogozdi"
2458,143,"Demir Hisar"
2459,143,"Demir Kapija"
2460,143,"Dobrusevo"
2461,143,"Dolna Banjica"
2462,143,"Dolneni"
2463,143,"Dorce Petrov"
2464,143,"Drugovo"
2465,143,"Dzepciste"
2466,143,"Gazi Baba"
2467,143,"Gevgelija"
2468,143,"Gostivar"
2469,143,"Gradsko"
2470,143,"Ilinden"
2471,143,"Izvor"
2472,143,"Jegunovce"
2473,143,"Kamenjane"
2474,143,"Karbinci"
2475,143,"Karpos"
2476,143,"Kavadarci"
2477,143,"Kicevo"
2478,143,"Kisela Voda"
2479,143,"Klecevce"
2480,143,"Kocani"
2481,143,"Konce"
2482,143,"Kondovo"
2483,143,"Konopiste"
2484,143,"Kosel"
2485,143,"Kratovo"
2486,143,"Kriva Palanka"
2487,143,"Krivogastani"
2488,143,"Krusevo"
2489,143,"Kuklis"
2490,143,"Kukurecani"
2491,143,"Kumanovo"
2492,143,"Labunista"
2493,143,"Lipkovo"
2494,143,"Lozovo"
2495,143,"Lukovo"
2496,143,"Makedonska Kamenica"
2497,143,"Makedonski Brod"
2498,143,"Mavrovi Anovi"
2499,143,"Meseista"
2500,143,"Miravci"
2501,143,"Mogila"
2502,143,"Murtino"
2503,143,"Negotino"
2504,143,"Negotino-Polosko"
2505,143,"Novaci"
2506,143,"Novo Selo"
2507,143,"Oblesevo"
2508,143,"Ohrid"
2509,143,"Orasac"
2510,143,"Orizari"
2511,143,"Oslomej"
2512,143,"Pehcevo"
2513,143,"Petrovec"
2514,143,"Plasnica"
2515,143,"Podares"
2516,143,"Prilep"
2517,143,"Probistip"
2518,143,"Radovis"
2519,143,"Rankovce"
2520,143,"Resen"
2521,143,"Rosoman"
2522,143,"Rostusa"
2523,143,"Samokov"
2524,143,"Saraj"
2525,143,"Sipkovica"
2526,143,"Sopiste"
2527,143,"Sopotnica"
2528,143,"Srbinovo"
2529,143,"Star Dojran"
2530,143,"Staravina"
2531,143,"Staro Nagoricane"
2532,143,"Stip"
2533,143,"Struga"
2534,143,"Strumica"
2535,143,"Studenicani"
2536,143,"Suto Orizari"
2537,143,"Sveti Nikole"
2538,143,"Tearce"
2539,143,"Tetovo"
2540,143,"Topolcani"
2541,143,"Valandovo"
2542,143,"Vasilevo"
2543,143,"Veles"
2544,143,"Velesta"
2545,143,"Vevcani"
2546,143,"Vinica"
2547,143,"Vitoliste"
2548,143,"Vranestica"
2549,143,"Vrapciste"
2550,143,"Vratnica"
2551,143,"Vrutok"
2552,143,"Zajas"
2553,143,"Zelenikovo"
2554,143,"Zelino"
2555,143,"Zitose"
2556,143,"Zletovo"
2557,143,"Zrnovci"
2558,144,"Bamako"
2559,144,"Gao"
2560,144,"Kayes"
2561,144,"Kidal"
2562,144,"Koulikoro"
2563,144,"Mopti"
2564,144,"Segou"
2565,144,"Sikasso"
2566,144,"Tombouctou"
2567,145,"Chin State"
2568,145,"Irrawaddy"
2569,145,"Kachin State"
2570,145,"Karan State"
2571,145,"Kayah State"
2572,145,"Magwe"
2573,145,"Mandalay"
2574,145,"Mon State"
2575,145,"Pegu"
2576,145,"Rakhine State"
2577,145,"Rangoon"
2578,145,"Sagaing"
2579,145,"Shan State"
2580,145,"Tenasserim"
2581,145,"Yangon"
2582,146,"Arhangay"
2583,146,"Bayan-Olgiy"
2584,146,"Bayanhongor"
2585,146,"Bulgan"
2586,146,"Darhan"
2587,146,"Darhan Uul"
2588,146,"Dornod"
2589,146,"Dornogovi"
2590,146,"Dundgovi"
2591,146,"Dzavhan"
2592,146,"Erdenet"
2593,146,"Govi-Altay"
2594,146,"Govi-Sumber"
2595,146,"Hentiy"
2596,146,"Hovd"
2597,146,"Hovsgol"
2598,146,"Omnogovi"
2599,146,"Orhon"
2600,146,"Ovorhangay"
2601,146,"Selenge"
2602,146,"Suhbaatar"
2603,146,"Tov"
2604,146,"Ulaanbaatar"
2605,146,"Uvs"
2606,147,"Ilhas"
2607,147,"Macau"
2608,150,"Adrar"
2609,150,"Assaba"
2610,150,"Brakna"
2611,150,"Dakhlet Nouadhibou"
2612,150,"Gorgol"
2613,150,"Guidimaka"
2614,150,"Hodh Ech Chargui"
2615,150,"Hodh El Gharbi"
2616,150,"Inchiri"
2617,150,"Tagant"
2618,150,"Tiris Zemmour"
2619,150,"Trarza"
2620,151,"Saint Anthony"
2621,151,"Saint Georges"
2622,151,"Saint Peter"
2623,153,"Agalega Islands"
2624,153,"Black River"
2625,153,"Cargados Carajos"
2626,153,"Flacq"
2627,153,"Grand Port"
2628,153,"Moka"
2629,153,"Pamplemousses"
2630,153,"Plaines Wilhems"
2631,153,"Port Louis"
2632,153,"Riviere du Rempart"
2633,153,"Rodrigues"
2634,153,"Savanne"
2635,154,"Aliff"
2636,154,"Baa"
2637,154,"Daalu"
2638,154,"Faafu"
2639,154,"Gaafu Aliff"
2640,154,"Gaafu Daalu"
2641,154,"Haa Aliff"
2642,154,"Haa Daalu"
2643,154,"Kaafu"
2644,154,"Laamu"
2645,154,"Laviyani"
2646,154,"Meemu"
2647,154,"Naviyani"
2648,154,"Noonu"
2649,154,"Raa"
2650,154,"Seenu"
2651,154,"Shaviyani"
2652,154,"Thaa"
2653,154,"Waavu"
2654,155,"Balaka"
2655,155,"Blantyre"
2656,155,"Chikwawa"
2657,155,"Chiradzulu"
2658,155,"Chitipa"
2659,155,"Dedza"
2660,155,"Dowa"
2661,155,"Karonga"
2662,155,"Kasungu"
2663,155,"Likoma"
2664,155,"Lilongwe"
2665,155,"Machinga"
2666,155,"Mangochi"
2667,155,"Mchinji"
2668,155,"Mulanje"
2669,155,"Mwanza"
2670,155,"Mzimba"
2671,155,"Nkhata Bay"
2672,155,"Nkhotakota"
2673,155,"Nsanje"
2674,155,"Ntcheu"
2675,155,"Ntchisi"
2676,155,"Phalombe"
2677,155,"Rumphi"
2678,155,"Salima"
2679,155,"Thyolo"
2680,155,"Zomba"
2681,156,"Aguascalientes"
2682,156,"Baja California"
2683,156,"Baja California Sur"
2684,156,"Campeche"
2685,156,"Chiapas"
2686,156,"Chihuahua"
2687,156,"Coahuila de Zaragoza"
2688,156,"Colima"
2689,156,"Distrito Federal"
2690,156,"Durango"
2691,156,"Guanajuato"
2692,156,"Guerrero"
2693,156,"Hidalgo"
2694,156,"Jalisco"
2695,156,"Mexico"
2696,156,"Michoacan de Ocampo"
2697,156,"Morelos"
2698,156,"Nayarit"
2699,156,"Nuevo Leon"
2700,156,"Oaxaca"
2701,156,"Puebla"
2702,156,"Queretaro de Arteaga"
2703,156,"Quintana Roo"
2704,156,"San Luis Potosi"
2705,156,"Sinaloa"
2706,156,"Sonora"
2707,156,"Tabasco"
2708,156,"Tamaulipas"
2709,156,"Tlaxcala"
2710,156,"Veracruz-Llave"
2711,156,"Yucatan"
2712,156,"Zacatecas"
2713,157,"Johor"
2714,157,"Kedah"
2715,157,"Kelantan"
2716,157,"Labuan"
2717,157,"Melaka"
2718,157,"Negeri Sembilan"
2719,157,"Pahang"
2720,157,"Perak"
2721,157,"Perlis"
2722,157,"Pulau Pinang"
2723,157,"Sabah"
2724,157,"Sarawak"
2725,157,"Selangor"
2726,157,"Terengganu"
2727,157,"Wilayah Persekutuan"
2728,158,"Cabo Delgado"
2729,158,"Gaza"
2730,158,"Inhambane"
2731,158,"Manica"
2732,158,"Maputo"
2733,158,"Nampula"
2734,158,"Niassa"
2735,158,"Sofala"
2736,158,"Tete"
2737,158,"Zambezia"
2738,159,"Bethanien"
2739,159,"Boesmanland"
2740,159,"Caprivi"
2741,159,"Caprivi Oos"
2742,159,"Damaraland"
2743,159,"Erongo"
2744,159,"Gobabis"
2745,159,"Grootfontein"
2746,159,"Hardap"
2747,159,"Hereroland Oos"
2748,159,"Hereroland Wes"
2749,159,"Kaokoland"
2750,159,"Karas"
2751,159,"Karasburg"
2752,159,"Karibib"
2753,159,"Kavango"
2754,159,"Keetmanshoop"
2755,159,"Kunene"
2756,159,"Luderitz"
2757,159,"Maltahohe"
2758,159,"Mariental"
2759,159,"Namaland"
2760,159,"Ohangwena"
2761,159,"Okahandja"
2762,159,"Okavango"
2763,159,"Omaheke"
2764,159,"Omaruru"
2765,159,"Omusati"
2766,159,"Oshana"
2767,159,"Oshikoto"
2768,159,"Otjiwarongo"
2769,159,"Otjozondjupa"
2770,159,"Outjo"
2771,159,"Owambo"
2772,159,"Rehoboth"
2773,159,"Swakopmund"
2774,159,"Tsumeb"
2775,159,"Windhoek"
2776,161,"Agadez"
2777,161,"Diffa"
2778,161,"Dosso"
2779,161,"Maradi"
2780,161,"Niamey"
2781,161,"Tahoua"
2782,161,"Zinder"
2783,163,"Abia"
2784,163,"Abuja Capital Territory"
2785,163,"Adamawa"
2786,163,"Akwa Ibom"
2787,163,"Anambra"
2788,163,"Bauchi"
2789,163,"Bayelsa"
2790,163,"Benue"
2791,163,"Borno"
2792,163,"Cross River"
2793,163,"Delta"
2794,163,"Ebonyi"
2795,163,"Edo"
2796,163,"Ekiti"
2797,163,"Enugu"
2798,163,"Gombe"
2799,163,"Imo"
2800,163,"Jigawa"
2801,163,"Kaduna"
2802,163,"Kano"
2803,163,"Katsina"
2804,163,"Kebbi"
2805,163,"Kogi"
2806,163,"Kwara"
2807,163,"Lagos"
2808,163,"Nassarawa"
2809,163,"Niger"
2810,163,"Ogun"
2811,163,"Ondo"
2812,163,"Osun"
2813,163,"Oyo"
2814,163,"Plateau"
2815,163,"Rivers"
2816,163,"Sokoto"
2817,163,"Taraba"
2818,163,"Yobe"
2819,163,"Zamfara"
2820,164,"Boaco"
2821,164,"Carazo"
2822,164,"Chinandega"
2823,164,"Chontales"
2824,164,"Esteli"
2825,164,"Granada"
2826,164,"Jinotega"
2827,164,"Leon"
2828,164,"Madriz"
2829,164,"Managua"
2830,164,"Masaya"
2831,164,"Matagalpa"
2832,164,"Nueva Segovia"
2833,164,"Rio San Juan"
2834,164,"Rivas"
2835,164,"Zelaya"
2836,165,"Drenthe"
2837,165,"Dronten"
2838,165,"Flevoland"
2839,165,"Friesland"
2840,165,"Gelderland"
2841,165,"Groningen"
2842,165,"Lelystad"
2843,165,"Limburg"
2844,165,"Noord-Brabant"
2845,165,"Noord-Holland"
2846,165,"Overijssel"
2847,165,"Utrecht"
2848,165,"Zeeland"
2849,165,"Zuid-Holland"
2850,165,"Zuidelijke IJsselmeerpolders"
2851,166,"Akershus"
2852,166,"Aust-Agder"
2853,166,"Buskerud"
2854,166,"Finnmark"
2855,166,"Hedmark"
2856,166,"Hordaland"
2857,166,"More og Romsdal"
2858,166,"Nord-Trondelag"
2859,166,"Nordland"
2860,166,"Oppland"
2861,166,"Oslo"
2862,166,"Ostfold"
2863,166,"Rogaland"
2864,166,"Sogn og Fjordane"
2865,166,"Sor-Trondelag"
2866,166,"Telemark"
2867,166,"Troms"
2868,166,"Vest-Agder"
2869,166,"Vestfold"
2870,167,"Bagmati"
2871,167,"Bheri"
2872,167,"Dhawalagiri"
2873,167,"Gandaki"
2874,167,"Janakpur"
2875,167,"Karnali"
2876,167,"Kosi"
2877,167,"Lumbini"
2878,167,"Mahakali"
2879,167,"Mechi"
2880,167,"Narayani"
2881,167,"Rapti"
2882,167,"Sagarmatha"
2883,167,"Seti"
2884,168,"Aiwo"
2885,168,"Anabar"
2886,168,"Anetan"
2887,168,"Anibare"
2888,168,"Baiti"
2889,168,"Boe"
2890,168,"Buada"
2891,168,"Denigomodu"
2892,168,"Ewa"
2893,168,"Ijuw"
2894,168,"Meneng"
2895,168,"Nibok"
2896,168,"Uaboe"
2897,168,"Yaren"
2898,170,"Akaroa"
2899,170,"Amuri"
2900,170,"Ashburton"
2901,170,"Bay of Islands"
2902,170,"Bruce"
2903,170,"Buller"
2904,170,"Chatham Islands"
2905,170,"Cheviot"
2906,170,"Clifton"
2907,170,"Clutha"
2908,170,"Cook"
2909,170,"Dannevirke"
2910,170,"Egmont"
2911,170,"Eketahuna"
2912,170,"Ellesmere"
2913,170,"Eltham"
2914,170,"Eyre"
2915,170,"Featherston"
2916,170,"Franklin"
2917,170,"Golden Bay"
2918,170,"Great Barrier Island"
2919,170,"Grey"
2920,170,"Hauraki Plains"
2921,170,"Hawera"
2922,170,"Hawke's Bay"
2923,170,"Heathcote"
2924,170,"Hikurangi"
2925,170,"Hobson"
2926,170,"Hokianga"
2927,170,"Horowhenua"
2928,170,"Hurunui"
2929,170,"Hutt"
2930,170,"Inangahua"
2931,170,"Inglewood"
2932,170,"Kaikoura"
2933,170,"Kairanga"
2934,170,"Kiwitea"
2935,170,"Lake"
2936,170,"Mackenzie"
2937,170,"Malvern"
2938,170,"Manaia"
2939,170,"Manawatu"
2940,170,"Mangonui"
2941,170,"Maniototo"
2942,170,"Marlborough"
2943,170,"Masterton"
2944,170,"Matamata"
2945,170,"Mount Herbert"
2946,170,"Ohinemuri"
2947,170,"Opotiki"
2948,170,"Oroua"
2949,170,"Otamatea"
2950,170,"Otorohanga"
2951,170,"Oxford"
2952,170,"Pahiatua"
2953,170,"Paparua"
2954,170,"Patea"
2955,170,"Piako"
2956,170,"Pohangina"
2957,170,"Raglan"
2958,170,"Rangiora"
2959,170,"Rangitikei"
2960,170,"Rodney"
2961,170,"Rotorua"
2962,170,"Runanga"
2963,170,"Saint Kilda"
2964,170,"Silverpeaks"
2965,170,"Southland"
2966,170,"Stewart Island"
2967,170,"Stratford"
2968,170,"Strathallan"
2969,170,"Taranaki"
2970,170,"Taumarunui"
2971,170,"Taupo"
2972,170,"Tauranga"
2973,170,"Thames-Coromandel"
2974,170,"Tuapeka"
2975,170,"Vincent"
2976,170,"Waiapu"
2977,170,"Waiheke"
2978,170,"Waihemo"
2979,170,"Waikato"
2980,170,"Waikohu"
2981,170,"Waimairi"
2982,170,"Waimarino"
2983,170,"Waimate"
2984,170,"Waimate West"
2985,170,"Waimea"
2986,170,"Waipa"
2987,170,"Waipawa"
2988,170,"Waipukurau"
2989,170,"Wairarapa South"
2990,170,"Wairewa"
2991,170,"Wairoa"
2992,170,"Waitaki"
2993,170,"Waitomo"
2994,170,"Waitotara"
2995,170,"Wallace"
2996,170,"Wanganui"
2997,170,"Waverley"
2998,170,"Westland"
2999,170,"Whakatane"
3000,170,"Whangarei"
3001,170,"Whangaroa"
3002,170,"Woodville"
3003,171,"Ad Dakhiliyah"
3004,171,"Al Batinah"
3005,171,"Al Wusta"
3006,171,"Ash Sharqiyah"
3007,171,"Az Zahirah"
3008,171,"Masqat"
3009,171,"Musandam"
3010,171,"Zufar"
3011,172,"Bocas del Toro"
3012,172,"Chiriqui"
3013,172,"Cocle"
3014,172,"Colon"
3015,172,"Darien"
3016,172,"Herrera"
3017,172,"Los Santos"
3018,172,"Panama"
3019,172,"San Blas"
3020,172,"Veraguas"
3021,173,"Amazonas"
3022,173,"Ancash"
3023,173,"Apurimac"
3024,173,"Arequipa"
3025,173,"Ayacucho"
3026,173,"Cajamarca"
3027,173,"Callao"
3028,173,"Cusco"
3029,173,"Huancavelica"
3030,173,"Huanuco"
3031,173,"Ica"
3032,173,"Junin"
3033,173,"La Libertad"
3034,173,"Lambayeque"
3035,173,"Lima"
3036,173,"Loreto"
3037,173,"Madre de Dios"
3038,173,"Moquegua"
3039,173,"Pasco"
3040,173,"Piura"
3041,173,"Puno"
3042,173,"San Martin"
3043,173,"Tacna"
3044,173,"Tumbes"
3045,173,"Ucayali"
3046,175,"Central"
3047,175,"Chimbu"
3048,175,"East New Britain"
3049,175,"East Sepik"
3050,175,"Eastern Highlands"
3051,175,"Enga"
3052,175,"Gulf"
3053,175,"Madang"
3054,175,"Manus"
3055,175,"Milne Bay"
3056,175,"Morobe"
3057,175,"National Capital"
3058,175,"New Ireland"
3059,175,"North Solomons"
3060,175,"Northern"
3061,175,"Sandaun"
3062,175,"Southern Highlands"
3063,175,"West New Britain"
3064,175,"Western"
3065,175,"Western Highlands"
3066,176,"Abra"
3067,176,"Agusan del Norte"
3068,176,"Agusan del Sur"
3069,176,"Aklan"
3070,176,"Albay"
3071,176,"Angeles"
3072,176,"Antique"
3073,176,"Aurora"
3074,176,"Bacolod"
3075,176,"Bago"
3076,176,"Baguio"
3077,176,"Bais"
3078,176,"Basilan"
3079,176,"Basilan City"
3080,176,"Bataan"
3081,176,"Batanes"
3082,176,"Batangas"
3083,176,"Batangas City"
3084,176,"Benguet"
3085,176,"Bohol"
3086,176,"Bukidnon"
3087,176,"Bulacan"
3088,176,"Butuan"
3089,176,"Cabanatuan"
3090,176,"Cadiz"
3091,176,"Cagayan"
3092,176,"Cagayan de Oro"
3093,176,"Calbayog"
3094,176,"Caloocan"
3095,176,"Camarines Norte"
3096,176,"Camarines Sur"
3097,176,"Camiguin"
3098,176,"Canlaon"
3099,176,"Capiz"
3100,176,"Catanduanes"
3101,176,"Cavite"
3102,176,"Cavite City"
3103,176,"Cebu"
3104,176,"Cebu City"
3105,176,"Cotabato"
3106,176,"Dagupan"
3107,176,"Danao"
3108,176,"Dapitan"
3109,176,"Davao"
3110,176,"Davao City"
3111,176,"Davao del Sur"
3112,176,"Davao Oriental"
3113,176,"Dipolog"
3114,176,"Dumaguete"
3115,176,"Eastern Samar"
3116,176,"General Santos"
3117,176,"Gingoog"
3118,176,"Ifugao"
3119,176,"Iligan"
3120,176,"Ilocos Norte"
3121,176,"Ilocos Sur"
3122,176,"Iloilo"
3123,176,"Iloilo City"
3124,176,"Iriga"
3125,176,"Isabela"
3126,176,"Kalinga-Apayao"
3127,176,"La Carlota"
3128,176,"La Union"
3129,176,"Laguna"
3130,176,"Lanao del Norte"
3131,176,"Lanao del Sur"
3132,176,"Laoag"
3133,176,"Lapu-Lapu"
3134,176,"Legaspi"
3135,176,"Leyte"
3136,176,"Lipa"
3137,176,"Lucena"
3138,176,"Maguindanao"
3139,176,"Mandaue"
3140,176,"Manila"
3141,176,"Marawi"
3142,176,"Marinduque"
3143,176,"Masbate"
3144,176,"Mindoro Occidental"
3145,176,"Mindoro Oriental"
3146,176,"Misamis Occidental"
3147,176,"Misamis Oriental"
3148,176,"Mountain"
3149,176,"Naga"
3150,176,"Negros Occidental"
3151,176,"Negros Oriental"
3152,176,"North Cotabato"
3153,176,"Northern Samar"
3154,176,"Nueva Ecija"
3155,176,"Nueva Vizcaya"
3156,176,"Olongapo"
3157,176,"Ormoc"
3158,176,"Oroquieta"
3159,176,"Ozamis"
3160,176,"Pagadian"
3161,176,"Palawan"
3162,176,"Palayan"
3163,176,"Pampanga"
3164,176,"Pangasinan"
3165,176,"Pasay"
3166,176,"Puerto Princesa"
3167,176,"Quezon"
3168,176,"Quezon City"
3169,176,"Quirino"
3170,176,"Rizal"
3171,176,"Romblon"
3172,176,"Roxas"
3173,176,"Samar"
3174,176,"San Carlos"
3175,176,"San Jose"
3176,176,"San Pablo"
3177,176,"Silay"
3178,176,"Siquijor"
3179,176,"Sorsogon"
3180,176,"South Cotabato"
3181,176,"Southern Leyte"
3182,176,"Sultan Kudarat"
3183,176,"Sulu"
3184,176,"Surigao"
3185,176,"Surigao del Norte"
3186,176,"Surigao del Sur"
3187,176,"Tacloban"
3188,176,"Tagaytay"
3189,176,"Tagbilaran"
3190,176,"Tangub"
3191,176,"Tarlac"
3192,176,"Tawitawi"
3193,176,"Toledo"
3194,176,"Trece Martires"
3195,176,"Zambales"
3196,176,"Zamboanga"
3197,176,"Zamboanga del Norte"
3198,176,"Zamboanga del Sur"
3199,177,"Azad Kashmir"
3200,177,"Balochistan"
3201,177,"Federally Administered Tribal Areas"
3202,177,"Islamabad"
3203,177,"North-West Frontier"
3204,177,"Northern Areas"
3205,177,"Punjab"
3206,177,"Sindh"
3207,178,"Biala Podlaska"
3208,178,"Bialystok"
3209,178,"Bielsko"
3210,178,"Bydgoszcz"
3211,178,"Chelm"
3212,178,"Ciechanow"
3213,178,"Czestochowa"
3214,178,"Dolnoslaskie"
3215,178,"Elblag"
3216,178,"Gdansk"
3217,178,"Gorzow"
3218,178,"Jelenia Gora"
3219,178,"Kalisz"
3220,178,"Katowice"
3221,178,"Kielce"
3222,178,"Konin"
3223,178,"Koszalin"
3224,178,"Krakow"
3225,178,"Krosno"
3226,178,"Kujawsko-Pomorskie"
3227,178,"Legnica"
3228,178,"Leszno"
3229,178,"Lodz"
3230,178,"Lodzkie"
3231,178,"Lomza"
3232,178,"Lubelskie"
3233,178,"Lublin"
3234,178,"Lubuskie"
3235,178,"Malopolskie"
3236,178,"Mazowieckie"
3237,178,"Nowy Sacz"
3238,178,"Olsztyn"
3239,178,"Opole"
3240,178,"Opolskie"
3241,178,"Ostroleka"
3242,178,"Pila"
3243,178,"Piotrkow"
3244,178,"Plock"
3245,178,"Podkarpackie"
3246,178,"Podlaskie"
3247,178,"Pomorskie"
3248,178,"Poznan"
3249,178,"Przemysl"
3250,178,"Radom"
3251,178,"Rzeszow"
3252,178,"Siedlce"
3253,178,"Sieradz"
3254,178,"Skierniewice"
3255,178,"Slaskie"
3256,178,"Slupsk"
3257,178,"Suwalki"
3258,178,"Swietokrzyskie"
3259,178,"Szczecin"
3260,178,"Tarnobrzeg"
3261,178,"Tarnow"
3262,178,"Torun"
3263,178,"Walbrzych"
3264,178,"Warminsko-Mazurskie"
3265,178,"Warszawa"
3266,178,"Wielkopolskie"
3267,178,"Wloclawek"
3268,178,"Wroclaw"
3269,178,"Zachodniopomorskie"
3270,178,"Zamosc"
3271,178,"Zielona Gora"
3272,183,"Aveiro"
3273,183,"Azores"
3274,183,"Beja"
3275,183,"Braga"
3276,183,"Braganca"
3277,183,"Castelo Branco"
3278,183,"Coimbra"
3279,183,"Evora"
3280,183,"Faro"
3281,183,"Guarda"
3282,183,"Leiria"
3283,183,"Lisboa"
3284,183,"Madeira"
3285,183,"Portalegre"
3286,183,"Porto"
3287,183,"Santarem"
3288,183,"Setubal"
3289,183,"Viana do Castelo"
3290,183,"Vila Real"
3291,183,"Viseu"
3292,185,"Alto Paraguay"
3293,185,"Alto Parana"
3294,185,"Amambay"
3295,185,"Boqueron"
3296,185,"Caaguazu"
3297,185,"Caazapa"
3298,185,"Canindeyu"
3299,185,"Central"
3300,185,"Chaco"
3301,185,"Concepcion"
3302,185,"Cordillera"
3303,185,"Guaira"
3304,185,"Itapua"
3305,185,"Misiones"
3306,185,"Neembucu"
3307,185,"Nueva Asuncion"
3308,185,"Paraguari"
3309,185,"Presidente Hayes"
3310,185,"San Pedro"
3311,186,"Ad Dawhah"
3312,186,"Al Ghuwariyah"
3313,186,"Al Jumaliyah"
3314,186,"Al Khawr"
3315,186,"Al Wakrah"
3316,186,"Ar Rayyan"
3317,186,"Jariyan al Batnah"
3318,186,"Madinat ach Shamal"
3319,186,"Umm Sa'id"
3320,186,"Umm Salal"
3321,188,"Alba"
3322,188,"Arad"
3323,188,"Arges"
3324,188,"Bacau"
3325,188,"Bihor"
3326,188,"Bistrita-Nasaud"
3327,188,"Botosani"
3328,188,"Braila"
3329,188,"Brasov"
3330,188,"Bucuresti"
3331,188,"Buzau"
3332,188,"Calarasi"
3333,188,"Caras-Severin"
3334,188,"Cluj"
3335,188,"Constanta"
3336,188,"Covasna"
3337,188,"Dambovita"
3338,188,"Dolj"
3339,188,"Galati"
3340,188,"Giurgiu"
3341,188,"Gorj"
3342,188,"Harghita"
3343,188,"Hunedoara"
3344,188,"Ialomita"
3345,188,"Iasi"
3346,188,"Ilfov"
3347,188,"Maramures"
3348,188,"Mehedinti"
3349,188,"Mures"
3350,188,"Neamt"
3351,188,"Olt"
3352,188,"Prahova"
3353,188,"Salaj"
3354,188,"Satu Mare"
3355,188,"Sibiu"
3356,188,"Suceava"
3357,188,"Teleorman"
3358,188,"Timis"
3359,188,"Tulcea"
3360,188,"Valcea"
3361,188,"Vaslui"
3362,188,"Vrancea"
3363,190,"Adygeya, Republic of"
3364,190,"Aginsky Buryatsky AO"
3365,190,"Altaisky krai"
3366,190,"Amur"
3367,190,"Arkhangel'sk"
3368,190,"Astrakhan'"
3369,190,"Bashkortostan"
3370,190,"Belgorod"
3371,190,"Bryansk"
3372,190,"Buryat"
3373,190,"Chechnya"
3374,190,"Chelyabinsk"
3375,190,"Chita"
3376,190,"Chukot"
3377,190,"Chuvashia"
3378,190,"Dagestan"
3379,190,"Evenk"
3380,190,"Gorno-Altay"
3381,190,"Ingush"
3382,190,"Irkutsk"
3383,190,"Ivanovo"
3384,190,"Kabardin-Balkar"
3385,190,"Kaliningrad"
3386,190,"Kalmyk"
3387,190,"Kaluga"
3388,190,"Kamchatka"
3389,190,"Karachay-Cherkess"
3390,190,"Karelia"
3391,190,"Kemerovo"
3392,190,"Khabarovsk"
3393,190,"Khakass"
3394,190,"Khanty-Mansiy"
3395,190,"Kirov"
3396,190,"Komi"
3397,190,"Komi-Permyak"
3398,190,"Koryak"
3399,190,"Kostroma"
3400,190,"Krasnodar"
3401,190,"Krasnoyarsk"
3402,190,"Kurgan"
3403,190,"Kursk"
3404,190,"Leningrad"
3405,190,"Lipetsk"
3406,190,"Magadan"
3407,190,"Mariy-El"
3408,190,"Mordovia"
3409,190,"Moscow City"
3410,190,"Moskva"
3411,190,"Murmansk"
3412,190,"Nenets"
3413,190,"Nizhegorod"
3414,190,"North Ossetia"
3415,190,"Novgorod"
3416,190,"Novosibirsk"
3417,190,"Omsk"
3418,190,"Orel"
3419,190,"Orenburg"
3420,190,"Penza"
3421,190,"Perm'"
3422,190,"Primor'ye"
3423,190,"Pskov"
3424,190,"Rostov"
3425,190,"Ryazan'"
3426,190,"Saint Petersburg City"
3427,190,"Sakha"
3428,190,"Sakhalin"
3429,190,"Samara"
3430,190,"Saratov"
3431,190,"Smolensk"
3432,190,"Stavropol'"
3433,190,"Sverdlovsk"
3434,190,"Tambovskaya oblast"
3435,190,"Tatarstan"
3436,190,"Taymyr"
3437,190,"Tomsk"
3438,190,"Tula"
3439,190,"Tuva"
3440,190,"Tver'"
3441,190,"Tyumen'"
3442,190,"Udmurt"
3443,190,"Ul'yanovsk"
3444,190,"Ust-Orda Buryat"
3445,190,"Vladimir"
3446,190,"Volgograd"
3447,190,"Vologda"
3448,190,"Voronezh"
3449,190,"Yamal-Nenets"
3450,190,"Yaroslavl'"
3451,190,"Yevrey"
3452,191,"Butare"
3453,191,"Byumba"
3454,191,"Cyangugu"
3455,191,"Gikongoro"
3456,191,"Gisenyi"
3457,191,"Gitarama"
3458,191,"Kibungo"
3459,191,"Kibuye"
3460,191,"Kigali"
3461,191,"Ruhengeri"
3462,192,"Al Bahah"
3463,192,"Al Hudud ash Shamaliyah"
3464,192,"Al Jawf"
3465,192,"Al Madinah"
3466,192,"Al Qasim"
3467,192,"Al Qurayyat"
3468,192,"Ar Riyad"
3469,192,"Ash Sharqiyah"
3470,192,"Ha'il"
3471,192,"Jizan"
3472,192,"Makkah"
3473,192,"Najran"
3474,192,"Tabuk"
3475,193,"Central"
3476,193,"Guadalcanal"
3477,193,"Isabel"
3478,193,"Makira"
3479,193,"Malaita"
3480,193,"Temotu"
3481,193,"Western"
3482,194,"Anse aux Pins"
3483,194,"Anse Boileau"
3484,194,"Anse Etoile"
3485,194,"Anse Louis"
3486,194,"Anse Royale"
3487,194,"Baie Lazare"
3488,194,"Baie Sainte Anne"
3489,194,"Beau Vallon"
3490,194,"Bel Air"
3491,194,"Bel Ombre"
3492,194,"Cascade"
3493,194,"Glacis"
3494,194,"Grand' Anse"
3495,194,"La Digue"
3496,194,"La Riviere Anglaise"
3497,194,"Mont Buxton"
3498,194,"Mont Fleuri"
3499,194,"Plaisance"
3500,194,"Pointe La Rue"
3501,194,"Port Glaud"
3502,194,"Saint Louis"
3503,194,"Takamaka"
3504,195,"Al Istiwa'iyah"
3505,195,"Al Khartum"
3506,195,"Al Wusta"
3507,195,"Ash Shamaliyah"
3508,195,"Ash Sharqiyah"
3509,195,"Bahr al Ghazal"
3510,195,"Darfur"
3511,195,"Kurdufan"
3512,196,"Alvsborgs Lan"
3513,196,"Blekinge Lan"
3514,196,"Dalarnas Lan"
3515,196,"Gavleborgs Lan"
3516,196,"Goteborgs och Bohus Lan"
3517,196,"Gotlands Lan"
3518,196,"Hallands Lan"
3519,196,"Jamtlands Lan"
3520,196,"Jonkopings Lan"
3521,196,"Kalmar Lan"
3522,196,"Kristianstads Lan"
3523,196,"Kronobergs Lan"
3524,196,"Malmohus Lan"
3525,196,"Norrbottens Lan"
3526,196,"Orebro Lan"
3527,196,"Ostergotlands Lan"
3528,196,"Skane Lan"
3529,196,"Skaraborgs Lan"
3530,196,"Sodermanlands Lan"
3531,196,"Stockholms Lan"
3532,196,"Uppsala Lan"
3533,196,"Varmlands Lan"
3534,196,"Vasterbottens Lan"
3535,196,"Vasternorrlands Lan"
3536,196,"Vastmanlands Lan"
3537,196,"Vastra Gotaland"
3538,198,"Ascension"
3539,198,"Saint Helena"
3540,198,"Tristan da Cunha"
3541,199,"Ajdovscina"
3542,199,"Beltinci"
3543,199,"Bled"
3544,199,"Bohinj"
3545,199,"Borovnica"
3546,199,"Bovec"
3547,199,"Brda"
3548,199,"Brezice"
3549,199,"Brezovica"
3550,199,"Celje"
3551,199,"Cerklje na Gorenjskem"
3552,199,"Cerknica"
3553,199,"Cerkno"
3554,199,"Crensovci"
3555,199,"Crna na Koroskem"
3556,199,"Crnomelj"
3557,199,"Divaca"
3558,199,"Dobrepolje"
3559,199,"Dobrova-Horjul-Polhov Gradec"
3560,199,"Dol pri Ljubljani"
3561,199,"Domzale"
3562,199,"Dornava"
3563,199,"Dravograd"
3564,199,"Duplek"
3565,199,"Gorenja Vas-Poljane"
3566,199,"Gorisnica"
3567,199,"Gornja Radgona"
3568,199,"Gornji Grad"
3569,199,"Gornji Petrovci"
3570,199,"Grosuplje"
3571,199,"Hrastnik"
3572,199,"Hrpelje-Kozina"
3573,199,"Idrija"
3574,199,"Ig"
3575,199,"Ilirska Bistrica"
3576,199,"Ivancna Gorica"
3577,199,"Izola-Isola"
3578,199,"Jesenice"
3579,199,"Jursinci"
3580,199,"Kamnik"
3581,199,"Kanal"
3582,199,"Kidricevo"
3583,199,"Kobarid"
3584,199,"Kobilje"
3585,199,"Kocevje"
3586,199,"Komen"
3587,199,"Koper-Capodistria"
3588,199,"Kozje"
3589,199,"Kranj"
3590,199,"Kranjska Gora"
3591,199,"Krsko"
3592,199,"Kungota"
3593,199,"Kuzma"
3594,199,"Lasko"
3595,199,"Lenart"
3596,199,"Litija"
3597,199,"Ljubljana"
3598,199,"Ljubno"
3599,199,"Ljutomer"
3600,199,"Logatec"
3601,199,"Loska Dolina"
3602,199,"Loski Potok"
3603,199,"Luce"
3604,199,"Lukovica"
3605,199,"Majsperk"
3606,199,"Maribor"
3607,199,"Medvode"
3608,199,"Menges"
3609,199,"Metlika"
3610,199,"Mezica"
3611,199,"Miren-Kostanjevica"
3612,199,"Mislinja"
3613,199,"Moravce"
3614,199,"Moravske Toplice"
3615,199,"Mozirje"
3616,199,"Murska Sobota"
3617,199,"Muta"
3618,199,"Naklo"
3619,199,"Nazarje"
3620,199,"Nova Gorica"
3621,199,"Novo Mesto"
3622,199,"Odranci"
3623,199,"Ormoz"
3624,199,"Osilnica"
3625,199,"Pesnica"
3626,199,"Piran"
3627,199,"Pivka"
3628,199,"Podcetrtek"
3629,199,"Postojna"
3630,199,"Preddvor"
3631,199,"Ptuj"
3632,199,"Puconci"
3633,199,"Racam"
3634,199,"Radece"
3635,199,"Radenci"
3636,199,"Radlje ob Dravi"
3637,199,"Radovljica"
3638,199,"Ribnica"
3639,199,"Rogaska Slatina"
3640,199,"Rogasovci"
3641,199,"Rogatec"
3642,199,"Ruse"
3643,199,"Semic"
3644,199,"Sencur"
3645,199,"Sentilj"
3646,199,"Sentjernej"
3647,199,"Sentjur pri Celju"
3648,199,"Sevnica"
3649,199,"Sezana"
3650,199,"Skocjan"
3651,199,"Skofja Loka"
3652,199,"Skofljica"
3653,199,"Slovenj Gradec"
3654,199,"Slovenska Bistrica"
3655,199,"Slovenske Konjice"
3656,199,"Smarje pri Jelsah"
3657,199,"Smartno ob Paki"
3658,199,"Sostanj"
3659,199,"Starse"
3660,199,"Store"
3661,199,"Sveti Jurij"
3662,199,"Tolmin"
3663,199,"Trbovlje"
3664,199,"Trebnje"
3665,199,"Trzic"
3666,199,"Turnisce"
3667,199,"Velenje"
3668,199,"Velike Lasce"
3669,199,"Videm"
3670,199,"Vipava"
3671,199,"Vitanje"
3672,199,"Vodice"
3673,199,"Vojnik"
3674,199,"Vrhnika"
3675,199,"Vuzenica"
3676,199,"Zagorje ob Savi"
3677,199,"Zalec"
3678,199,"Zavrc"
3679,199,"Zelezniki"
3680,199,"Ziri"
3681,199,"Zrece"
3682,201,"Banska Bystrica"
3683,201,"Bratislava"
3684,201,"Kosice"
3685,201,"Nitra"
3686,201,"Presov"
3687,201,"Trencin"
3688,201,"Trnava"
3689,201,"Zilina"
3690,202,"Eastern"
3691,202,"Northern"
3692,202,"Southern"
3693,202,"Western Area"
3694,203,"Acquaviva"
3695,203,"Borgo Maggiore"
3696,203,"Chiesanuova"
3697,203,"Domagnano"
3698,203,"Faetano"
3699,203,"Fiorentino"
3700,203,"Monte Giardino"
3701,203,"San Marino"
3702,203,"Serravalle"
3703,204,"Dakar"
3704,204,"Diourbel"
3705,204,"Fatick"
3706,204,"Kaolack"
3707,204,"Kolda"
3708,204,"Louga"
3709,204,"Saint-Louis"
3710,204,"Tambacounda"
3711,204,"Thies"
3712,204,"Ziguinchor"
3713,205,"Bakool"
3714,205,"Banaadir"
3715,205,"Bari"
3716,205,"Bay"
3717,205,"Galguduud"
3718,205,"Gedo"
3719,205,"Hiiraan"
3720,205,"Jubbada Dhexe"
3721,205,"Jubbada Hoose"
3722,205,"Mudug"
3723,205,"Nugaal"
3724,205,"Sanaag"
3725,205,"Shabeellaha Dhexe"
3726,205,"Shabeellaha Hoose"
3727,205,"Togdheer"
3728,205,"Woqooyi Galbeed"
3729,206,"Brokopondo"
3730,206,"Commewijne"
3731,206,"Coronie"
3732,206,"Marowijne"
3733,206,"Nickerie"
3734,206,"Para"
3735,206,"Paramaribo"
3736,206,"Saramacca"
3737,206,"Sipaliwini"
3738,206,"Wanica"
3739,207,"Principe"
3740,207,"Sao Tome"
3741,208,"Ahuachapan"
3742,208,"Cabanas"
3743,208,"Chalatenango"
3744,208,"Cuscatlan"
3745,208,"La Libertad"
3746,208,"La Paz"
3747,208,"La Union"
3748,208,"Morazan"
3749,208,"San Miguel"
3750,208,"San Salvador"
3751,208,"San Vicente"
3752,208,"Santa Ana"
3753,208,"Sonsonate"
3754,208,"Usulutan"
3755,209,"Al Hasakah"
3756,209,"Al Ladhiqiyah"
3757,209,"Al Qunaytirah"
3758,209,"Ar Raqqah"
3759,209,"As Suwayda'"
3760,209,"Dar"
3761,209,"Dayr az Zawr"
3762,209,"Dimashq"
3763,209,"Halab"
3764,209,"Hamah"
3765,209,"Hims"
3766,209,"Idlib"
3767,209,"Rif Dimashq"
3768,209,"Tartus"
3769,210,"Hhohho"
3770,210,"Lubombo"
3771,210,"Manzini"
3772,210,"Praslin"
3773,210,"Shiselweni"
3774,212,"Batha"
3775,212,"Biltine"
3776,212,"Borkou-Ennedi-Tibesti"
3777,212,"Chari-Baguirmi"
3778,212,"Guera"
3779,212,"Kanem"
3780,212,"Lac"
3781,212,"Logone Occidental"
3782,212,"Logone Oriental"
3783,212,"Mayo-Kebbi"
3784,212,"Moyen-Chari"
3785,212,"Ouaddai"
3786,212,"Salamat"
3787,212,"Tandjile"
3788,214,"Amlame"
3789,214,"Aneho"
3790,214,"Atakpame"
3791,214,"Badou"
3792,214,"Bafilo"
3793,214,"Bassar"
3794,214,"Dapaong"
3795,214,"Kante"
3796,214,"Klouto"
3797,214,"Kpagouda"
3798,214,"Lama-Kara"
3799,214,"Lome"
3800,214,"Mango"
3801,214,"Niamtougou"
3802,214,"Notse"
3803,214,"Sotouboua"
3804,214,"Tabligbo"
3805,214,"Tchamba"
3806,214,"Tchaoudjo"
3807,214,"Tsevie"
3808,214,"Vogan"
3809,215,"Ang Thong"
3810,215,"Buriram"
3811,215,"Chachoengsao"
3812,215,"Chai Nat"
3813,215,"Chaiyaphum"
3814,215,"Chanthaburi"
3815,215,"Chiang Mai"
3816,215,"Chiang Rai"
3817,215,"Chon Buri"
3818,215,"Chumphon"
3819,215,"Kalasin"
3820,215,"Kamphaeng Phet"
3821,215,"Kanchanaburi"
3822,215,"Khon Kaen"
3823,215,"Krabi"
3824,215,"Krung Thep"
3825,215,"Lampang"
3826,215,"Lamphun"
3827,215,"Loei"
3828,215,"Lop Buri"
3829,215,"Mae Hong Son"
3830,215,"Maha Sarakham"
3831,215,"Mukdahan"
3832,215,"Nakhon Nayok"
3833,215,"Nakhon Pathom"
3834,215,"Nakhon Phanom"
3835,215,"Nakhon Ratchasima"
3836,215,"Nakhon Sawan"
3837,215,"Nakhon Si Thammarat"
3838,215,"Nan"
3839,215,"Narathiwat"
3840,215,"Nong Khai"
3841,215,"Nonthaburi"
3842,215,"Pathum Thani"
3843,215,"Pattani"
3844,215,"Phangnga"
3845,215,"Phatthalung"
3846,215,"Phayao"
3847,215,"Phetchabun"
3848,215,"Phetchaburi"
3849,215,"Phichit"
3850,215,"Phitsanulok"
3851,215,"Phra Nakhon Si Ayutthaya"
3852,215,"Phrae"
3853,215,"Phuket"
3854,215,"Prachin Buri"
3855,215,"Prachuap Khiri Khan"
3856,215,"Ranong"
3857,215,"Ratchaburi"
3858,215,"Rayong"
3859,215,"Roi Et"
3860,215,"Sakon Nakhon"
3861,215,"Samut Prakan"
3862,215,"Samut Sakhon"
3863,215,"Samut Songkhram"
3864,215,"Saraburi"
3865,215,"Satun"
3866,215,"Sing Buri"
3867,215,"Sisaket"
3868,215,"Songkhla"
3869,215,"Sukhothai"
3870,215,"Suphan Buri"
3871,215,"Surat Thani"
3872,215,"Surin"
3873,215,"Tak"
3874,215,"Trang"
3875,215,"Trat"
3876,215,"Ubon Ratchathani"
3877,215,"Udon Thani"
3878,215,"Uthai Thani"
3879,215,"Uttaradit"
3880,215,"Yala"
3881,215,"Yasothon"
3882,216,"Khatlon"
3883,216,"Kuhistoni Badakhshon"
3884,216,"Sughd"
3885,219,"Ahal"
3886,219,"Balkan"
3887,219,"Dashoguz"
3888,219,"Lebap"
3889,219,"Mary"
3890,220,"Al Mahdiyah"
3891,220,"Al Munastir"
3892,220,"Al Qasrayn"
3893,220,"Al Qayrawan"
3894,220,"Ariana"
3895,220,"Bajah"
3896,220,"Banzart"
3897,220,"Bin"
3898,220,"Jundubah"
3899,220,"Kef"
3900,220,"Madanin"
3901,220,"Manouba"
3902,220,"Nabul"
3903,220,"Qabis"
3904,220,"Qafsah"
3905,220,"Qibili"
3906,220,"Safaqis"
3907,220,"Sidi Bu Zayd"
3908,220,"Silyanah"
3909,220,"Susah"
3910,220,"Tatawin"
3911,220,"Tawzar"
3912,220,"Tunis"
3913,220,"Zaghwan"
3914,221,"Ha"
3915,221,"Tongatapu"
3916,221,"Vava"
3917,222,"Adana"
3918,222,"Adiyaman"
3919,222,"Afyon"
3920,222,"Agri"
3921,222,"Aksaray"
3922,222,"Amasya"
3923,222,"Ankara"
3924,222,"Antalya"
3925,222,"Ardahan"
3926,222,"Artvin"
3927,222,"Aydin"
3928,222,"Balikesir"
3929,222,"Bartin"
3930,222,"Batman"
3931,222,"Bayburt"
3932,222,"Bilecik"
3933,222,"Bingol"
3934,222,"Bitlis"
3935,222,"Bolu"
3936,222,"Burdur"
3937,222,"Bursa"
3938,222,"Canakkale"
3939,222,"Cankiri"
3940,222,"Corum"
3941,222,"Denizli"
3942,222,"Diyarbakir"
3943,222,"Duzce"
3944,222,"Edirne"
3945,222,"Elazig"
3946,222,"Erzincan"
3947,222,"Erzurum"
3948,222,"Eskisehir"
3949,222,"Gaziantep"
3950,222,"Giresun"
3951,222,"Gumushane"
3952,222,"Hakkari"
3953,222,"Hatay"
3954,222,"Icel / Mersin"
3955,222,"Igdir"
3956,222,"Isparta"
3957,222,"Istanbul"
3958,222,"Izmir"
3959,222,"Kahramanmaras"
3960,222,"Karabuk"
3961,222,"Karaman"
3962,222,"Kars"
3963,222,"Kastamonu"
3964,222,"Kayseri"
3965,222,"Kilis"
3966,222,"Kirikkale"
3967,222,"Kirklareli"
3968,222,"Kirsehir"
3969,222,"Kocaeli"
3970,222,"Konya"
3971,222,"Kutahya"
3972,222,"Malatya"
3973,222,"Manisa"
3974,222,"Mardin"
3975,222,"Mugla"
3976,222,"Mus"
3977,222,"Nevsehir"
3978,222,"Nigde"
3979,222,"Ordu"
3980,222,"Osmaniye"
3981,222,"Rize"
3982,222,"Sakarya"
3983,222,"Samsun"
3984,222,"Sanliurfa"
3985,222,"Siirt"
3986,222,"Sinop"
3987,222,"Sirnak"
3988,222,"Sivas"
3989,222,"Tekirdag"
3990,222,"Tokat"
3991,222,"Trabzon"
3992,222,"Tunceli"
3993,222,"Usak"
3994,222,"Van"
3995,222,"Yalova"
3996,222,"Yozgat"
3997,222,"Zonguldak"
3998,223,"Arima"
3999,223,"Caroni"
4000,223,"Mayaro"
4001,223,"Nariva"
4002,223,"Port-of-Spain"
4003,223,"Saint Andrew"
4004,223,"Saint David"
4005,223,"Saint George"
4006,223,"Saint Patrick"
4007,223,"San Fernando"
4008,223,"Tobago"
4009,223,"Victoria"
4010,225,"Fu-chien"
4011,225,"Kao-hsiung"
4012,225,"T'ai-pei"
4013,225,"T'ai-wan"
4014,226,"Arusha"
4015,226,"Dar es Salaam"
4016,226,"Dodoma"
4017,226,"Iringa"
4018,226,"Kagera"
4019,226,"Kigoma"
4020,226,"Kilimanjaro"
4021,226,"Lindi"
4022,226,"Mara"
4023,226,"Mbeya"
4024,226,"Morogoro"
4025,226,"Mtwara"
4026,226,"Mwanza"
4027,226,"Pemba North"
4028,226,"Pemba South"
4029,226,"Pwani"
4030,226,"Rukwa"
4031,226,"Ruvuma"
4032,226,"Shinyanga"
4033,226,"Singida"
4034,226,"Tabora"
4035,226,"Tanga"
4036,226,"Zanzibar Central"
4037,226,"Zanzibar North"
4038,226,"Zanzibar Urban"
4039,227,"Cherkas'ka Oblast'"
4040,227,"Chernihivs'ka Oblast'"
4041,227,"Chernivets'ka Oblast'"
4042,227,"Dnipropetrovs'ka Oblast'"
4043,227,"Donets'ka Oblast'"
4044,227,"Ivano-Frankivs'ka Oblast'"
4045,227,"Kharkivs'ka Oblast'"
4046,227,"Khersons'ka Oblast'"
4047,227,"Khmel'nyts'ka Oblast'"
4048,227,"Kirovohrads'ka Oblast'"
4049,227,"Krym"
4050,227,"Kyyiv"
4051,227,"Kyyivs'ka Oblast'"
4052,227,"L'vivs'ka Oblast'"
4053,227,"Luhans'ka Oblast'"
4054,227,"Mykolayivs'ka Oblast'"
4055,227,"Odes'ka Oblast'"
4056,227,"Poltavs'ka Oblast'"
4057,227,"Rivnens'ka Oblast'"
4058,227,"Sevastopol'"
4059,227,"Sums'ka Oblast'"
4060,227,"Ternopil's'ka Oblast'"
4061,227,"Vinnyts'ka Oblast'"
4062,227,"Volyns'ka Oblast'"
4063,227,"Zakarpats'ka Oblast'"
4064,227,"Zaporiz'ka Oblast'"
4065,227,"Zhytomyrs'ka Oblast'"
4066,228,"Adjumani"
4067,228,"Arua"
4068,228,"Bugiri"
4069,228,"Busia"
4070,228,"Busoga"
4071,228,"Central"
4072,228,"Eastern"
4073,228,"Iganga"
4074,228,"Kabarole"
4075,228,"Kaberamaido"
4076,228,"Kampala"
4077,228,"Kamwenge"
4078,228,"Kanungu"
4079,228,"Karamoja"
4080,228,"Katakwi"
4081,228,"Kayunga"
4082,228,"Kitgum"
4083,228,"Kyenjojo"
4084,228,"Mayuge"
4085,228,"Mbale"
4086,228,"Moroto"
4087,228,"Mpigi"
4088,228,"Mukono"
4089,228,"Nakapiripirit"
4090,228,"Nakasongola"
4091,228,"Nile"
4092,228,"North Buganda"
4093,228,"Northern"
4094,228,"Pader"
4095,228,"Rukungiri"
4096,228,"Sembabule"
4097,228,"Sironko"
4098,228,"Soroti"
4099,228,"South Buganda"
4100,228,"Southern"
4101,228,"Wakiso"
4102,228,"Western"
4103,228,"Yumbe"
4104,230,"Alabama"
4105,230,"Alaska"
4106,230,"American Samoa"
4107,230,"Arizona"
4108,230,"Arkansas"
4109,230,"Armed Forces Americas"
4110,230,"Armed Forces Europe, Middle East, & Canada"
4111,230,"Armed Forces Pacific"
4112,230,"California"
4113,230,"Colorado"
4114,230,"Connecticut"
4115,230,"Delaware"
4116,230,"District of Columbia"
4117,230,"Federated States of Micronesia"
4118,230,"Florida"
4119,230,"Georgia"
4120,230,"Guam"
4121,230,"Hawaii"
4122,230,"Idaho"
4123,230,"Illinois"
4124,230,"Indiana"
4125,230,"Iowa"
4126,230,"Kansas"
4127,230,"Kentucky"
4128,230,"Louisiana"
4129,230,"Maine"
4130,230,"Marshall Islands"
4131,230,"Maryland"
4132,230,"Massachusetts"
4133,230,"Michigan"
4134,230,"Minnesota"
4135,230,"Mississippi"
4136,230,"Missouri"
4137,230,"Montana"
4138,230,"Nebraska"
4139,230,"Nevada"
4140,230,"New Hampshire"
4141,230,"New Jersey"
4142,230,"New Mexico"
4143,230,"New York"
4144,230,"North Carolina"
4145,230,"North Dakota"
4146,230,"Northern Mariana Islands"
4147,230,"Ohio"
4148,230,"Oklahoma"
4149,230,"Oregon"
4150,230,"Palau"
4151,230,"Pennsylvania"
4152,230,"Puerto Rico"
4153,230,"Rhode Island"
4154,230,"South Carolina"
4155,230,"South Dakota"
4156,230,"Tennessee"
4157,230,"Texas"
4158,230,"Utah"
4159,230,"Vermont"
4160,230,"Virgin Islands"
4161,230,"Virginia"
4162,230,"Washington"
4163,230,"West Virginia"
4164,230,"Wisconsin"
4165,230,"Wyoming"
4166,231,"Artigas"
4167,231,"Canelones"
4168,231,"Cerro Largo"
4169,231,"Colonia"
4170,231,"Durazno"
4171,231,"Flores"
4172,231,"Florida"
4173,231,"Lavalleja"
4174,231,"Maldonado"
4175,231,"Montevideo"
4176,231,"Paysandu"
4177,231,"Rio Negro"
4178,231,"Rivera"
4179,231,"Rocha"
4180,231,"Salto"
4181,231,"San Jose"
4182,231,"Soriano"
4183,231,"Tacuarembo"
4184,231,"Treinta y Tres"
4185,232,"Andijon"
4186,232,"Bukhoro"
4187,232,"Farghona"
4188,232,"Jizzakh"
4189,232,"Khorazm"
4190,232,"Namangan"
4191,232,"Nawoiy"
4192,232,"Qashqadaryo"
4193,232,"Qoraqalpoghiston"
4194,232,"Samarqand"
4195,232,"Sirdaryo"
4196,232,"Surkhondaryo"
4197,232,"Toshkent"
4198,234,"Charlotte"
4199,234,"Grenadines"
4200,234,"Saint Andrew"
4201,234,"Saint David"
4202,234,"Saint George"
4203,234,"Saint Patrick"
4204,235,"Amazonas"
4205,235,"Anzoategui"
4206,235,"Apure"
4207,235,"Aragua"
4208,235,"Barinas"
4209,235,"Bolivar"
4210,235,"Carabobo"
4211,235,"Cojedes"
4212,235,"Delta Amacuro"
4213,235,"Dependencias Federales"
4214,235,"Distrito Federal"
4215,235,"Falcon"
4216,235,"Guarico"
4217,235,"Lara"
4218,235,"Merida"
4219,235,"Miranda"
4220,235,"Monagas"
4221,235,"Nueva Esparta"
4222,235,"Portuguesa"
4223,235,"Sucre"
4224,235,"Tachira"
4225,235,"Trujillo"
4226,235,"Vargas"
4227,235,"Yaracuy"
4228,235,"Zulia"
4229,238,"An Giang"
4230,238,"Ba Ria-Vung Tau"
4231,238,"Bac Thai"
4232,238,"Ben Tre"
4233,238,"Binh Dinh"
4234,238,"Binh Thuan"
4235,238,"Can Tho"
4236,238,"Cao Bang"
4237,238,"Dac Lac"
4238,238,"Dong Nai"
4239,238,"Dong Thap"
4240,238,"Gia Lai"
4241,238,"Ha Bac"
4242,238,"Ha Giang"
4243,238,"Ha Noi"
4244,238,"Ha Tay"
4245,238,"Ha Tinh"
4246,238,"Hai Hung"
4247,238,"Hai Phong"
4248,238,"Ho Chi Minh"
4249,238,"Hoa Binh"
4250,238,"Khanh Hoa"
4251,238,"Kien Giang"
4252,238,"Kon Tum"
4253,238,"Lai Chau"
4254,238,"Lam Dong"
4255,238,"Lang Son"
4256,238,"Lao Cai"
4257,238,"Long An"
4258,238,"Minh Hai"
4259,238,"Nam Ha"
4260,238,"Nghe An"
4261,238,"Ninh Binh"
4262,238,"Ninh Thuan"
4263,238,"Phu Yen"
4264,238,"Quang Binh"
4265,238,"Quang Nam-Da Nang"
4266,238,"Quang Ngai"
4267,238,"Quang Ninh"
4268,238,"Quang Tri"
4269,238,"Soc Trang"
4270,238,"Son La"
4271,238,"Song Be"
4272,238,"Tay Ninh"
4273,238,"Thai Binh"
4274,238,"Thanh Hoa"
4275,238,"Thua Thien"
4276,238,"Tien Giang"
4277,238,"Tra Vinh"
4278,238,"Tuyen Quang"
4279,238,"Vinh Long"
4280,238,"Vinh Phu"
4281,238,"Yen Bai"
4282,239,"Ambrym"
4283,239,"Aoba"
4284,239,"Efate"
4285,239,"Epi"
4286,239,"Malakula"
4287,239,"Malampa"
4288,239,"Paama"
4289,239,"Penama"
4290,239,"Pentecote"
4291,239,"Sanma"
4292,239,"Shefa"
4293,239,"Shepherd"
4294,239,"Tafea"
4295,239,"Torba"
4296,241,"Aiga-i-le-Tai"
4297,241,"Atua"
4298,241,"Fa"
4299,241,"Gaga"
4300,241,"Gagaifomauga"
4301,241,"Palauli"
4302,241,"Satupa"
4303,241,"Tuamasaga"
4304,241,"Va"
4305,241,"Vaisigano"
4306,242,"Abyan"
4307,242,"Al Bayda'"
4308,242,"Al Hudaydah"
4309,242,"Al Jawf"
4310,242,"Al Mahrah"
4311,242,"Al Mahwit"
4312,242,"Dhamar"
4313,242,"Hadramawt"
4314,242,"Hajjah"
4315,242,"Ibb"
4316,242,"Lahij"
4317,242,"Ma'rib"
4318,242,"Sa"
4319,242,"San"
4320,242,"Shabwah"
4321,242,"Ta"
4322,244,"Eastern Cape"
4323,244,"Free State"
4324,244,"Gauteng"
4325,244,"KwaZulu-Natal"
4326,244,"Limpopo"
4327,244,"Mpumalanga"
4328,244,"North-West"
4329,244,"Northern Cape"
4330,244,"Western Cape"
4331,245,"Central"
4332,245,"Copperbelt"
4333,245,"Eastern"
4334,245,"Luapula"
4335,245,"Lusaka"
4336,245,"North-Western"
4337,245,"Northern"
4338,245,"Southern"
4339,245,"Western"
4340,246,"Bulawayo"
4341,246,"Harare"
4342,246,"Manicaland"
4343,246,"Mashonaland Central"
4344,246,"Mashonaland East"
4345,246,"Mashonaland West"
4346,246,"Masvingo"
4347,246,"Matabeleland North"
4348,246,"Matabeleland South"
4349,246,"Midlands"
